CREATE DATABASE  IF NOT EXISTS `personal_diary` /*!40100 DEFAULT CHARACTER SET utf8 */;
USE `personal_diary`;
-- MySQL dump 10.13  Distrib 5.7.12, for Win64 (x86_64)
--
-- Host: localhost    Database: personal_diary
-- ------------------------------------------------------
-- Server version	5.7.17-log

/*!40101 SET @OLD_CHARACTER_SET_CLIENT=@@CHARACTER_SET_CLIENT */;
/*!40101 SET @OLD_CHARACTER_SET_RESULTS=@@CHARACTER_SET_RESULTS */;
/*!40101 SET @OLD_COLLATION_CONNECTION=@@COLLATION_CONNECTION */;
/*!40101 SET NAMES utf8 */;
/*!40103 SET @OLD_TIME_ZONE=@@TIME_ZONE */;
/*!40103 SET TIME_ZONE='+00:00' */;
/*!40014 SET @OLD_UNIQUE_CHECKS=@@UNIQUE_CHECKS, UNIQUE_CHECKS=0 */;
/*!40014 SET @OLD_FOREIGN_KEY_CHECKS=@@FOREIGN_KEY_CHECKS, FOREIGN_KEY_CHECKS=0 */;
/*!40101 SET @OLD_SQL_MODE=@@SQL_MODE, SQL_MODE='NO_AUTO_VALUE_ON_ZERO' */;
/*!40111 SET @OLD_SQL_NOTES=@@SQL_NOTES, SQL_NOTES=0 */;

--
-- Table structure for table `authorization`
--

DROP TABLE IF EXISTS `authorization`;
/*!40101 SET @saved_cs_client     = @@character_set_client */;
/*!40101 SET character_set_client = utf8 */;
CREATE TABLE `authorization` (
  `id` int(11) NOT NULL AUTO_INCREMENT,
  `login` varchar(50) NOT NULL DEFAULT '',
  `password` varchar(50) NOT NULL DEFAULT '',
  `datetime` datetime NOT NULL,
  `user_id` int(11) DEFAULT NULL,
  `succesfull` tinyint(1) NOT NULL,
  PRIMARY KEY (`id`),
  KEY `authorization_person_id_fk` (`user_id`),
  CONSTRAINT `authorization_person_id_fk` FOREIGN KEY (`user_id`) REFERENCES `users` (`id`)
) ENGINE=InnoDB DEFAULT CHARSET=utf8;
/*!40101 SET character_set_client = @saved_cs_client */;

--
-- Dumping data for table `authorization`
--

LOCK TABLES `authorization` WRITE;
/*!40000 ALTER TABLE `authorization` DISABLE KEYS */;
/*!40000 ALTER TABLE `authorization` ENABLE KEYS */;
UNLOCK TABLES;

--
-- Table structure for table `diary`
--

DROP TABLE IF EXISTS `diary`;
/*!40101 SET @saved_cs_client     = @@character_set_client */;
/*!40101 SET character_set_client = utf8 */;
CREATE TABLE `diary` (
  `id` int(11) NOT NULL AUTO_INCREMENT,
  `user_id` int(11) NOT NULL,
  `name` varchar(50) NOT NULL COMMENT 'название дневника\n',
  PRIMARY KEY (`id`),
  KEY `diary_person_id_fk` (`user_id`),
  CONSTRAINT `diary_person_id_fk` FOREIGN KEY (`user_id`) REFERENCES `users` (`id`)
) ENGINE=InnoDB AUTO_INCREMENT=18 DEFAULT CHARSET=utf8;
/*!40101 SET character_set_client = @saved_cs_client */;

--
-- Dumping data for table `diary`
--

LOCK TABLES `diary` WRITE;
/*!40000 ALTER TABLE `diary` DISABLE KEYS */;
INSERT INTO `diary` VALUES (3,8,'vesna'),(4,9,'special'),(5,9,'test'),(6,12,'Мой первый дневник'),(8,12,'sdsds'),(11,12,'Мой второй дневник'),(12,12,'Мысли'),(13,12,'2017'),(14,12,'2018'),(15,12,'hj'),(16,12,'fdf'),(17,12,'Погода');
/*!40000 ALTER TABLE `diary` ENABLE KEYS */;
UNLOCK TABLES;

--
-- Table structure for table `diary_entry`
--

DROP TABLE IF EXISTS `diary_entry`;
/*!40101 SET @saved_cs_client     = @@character_set_client */;
/*!40101 SET character_set_client = utf8 */;
CREATE TABLE `diary_entry` (
  `id` int(11) NOT NULL AUTO_INCREMENT,
  `diary_id` int(11) DEFAULT NULL,
  `type_id` int(11) NOT NULL,
  `priority_id` int(11) NOT NULL,
  `privacy_id` int(11) NOT NULL,
  `title` text,
  `text` text,
  `image_link` text,
  `tag` text,
  `date_time` timestamp NULL DEFAULT NULL,
  PRIMARY KEY (`id`),
  KEY `entry_entry_type_id_fk` (`type_id`),
  KEY `entry_entry_priority_id_fk` (`priority_id`),
  KEY `entry_entry_privacy_id_fk` (`privacy_id`),
  KEY `entry_diary_id_fk` (`diary_id`),
  CONSTRAINT `entry_diary_id_fk` FOREIGN KEY (`diary_id`) REFERENCES `diary` (`id`),
  CONSTRAINT `entry_entry_priority_id_fk` FOREIGN KEY (`priority_id`) REFERENCES `entry_priority` (`id`),
  CONSTRAINT `entry_entry_privacy_id_fk` FOREIGN KEY (`privacy_id`) REFERENCES `entry_privacy` (`id`),
  CONSTRAINT `entry_entry_type_id_fk` FOREIGN KEY (`type_id`) REFERENCES `entry_type` (`id`)
) ENGINE=InnoDB AUTO_INCREMENT=11 DEFAULT CHARSET=utf8 COMMENT='Одиночная запись';
/*!40101 SET character_set_client = @saved_cs_client */;

--
-- Dumping data for table `diary_entry`
--

LOCK TABLES `diary_entry` WRITE;
/*!40000 ALTER TABLE `diary_entry` DISABLE KEYS */;
INSERT INTO `diary_entry` VALUES (3,3,1,1,1,'выывыф','выв','data:image/svg+xml;base64,PD94bWwgdmVyc2lvbj0iMS4wIiA/PjxzdmcgaGVpZ2h0PSIxNnB4IiB2ZXJzaW9uPSIxLjEiIHZpZXdCb3g9IjAgMCAxNiAxNiIgd2lkdGg9IjE2cHgiIHhtbG5zPSJodHRwOi8vd3d3LnczLm9yZy8yMDAwL3N2ZyIgeG1sbnM6c2tldGNoPSJodHRwOi8vd3d3LmJvaGVtaWFuY29kaW5nLmNvbS9za2V0Y2gvbnMiIHhtbG5zOnhsaW5rPSJodHRwOi8vd3d3LnczLm9yZy8xOTk5L3hsaW5rIj48dGl0bGUvPjxkZWZzLz48ZyBmaWxsPSJub25lIiBmaWxsLXJ1bGU9ImV2ZW5vZGQiIGlkPSJJY29ucyB3aXRoIG51bWJlcnMiIHN0cm9rZT0ibm9uZSIgc3Ryb2tlLXdpZHRoPSIxIj48ZyBmaWxsPSIjMDAwMDAwIiBpZD0iR3JvdXAiIHRyYW5zZm9ybT0idHJhbnNsYXRlKC04MTYuMDAwMDAwLCAwLjAwMDAwMCkiPjxwYXRoIGQ9Ik04MTguMDA2ODQ1LDYgTDgyOS45OTMxNTUsNiBDODMwLjU1MDA1MSw2IDgzMSw2LjQ0NjM4NTYgODMxLDYuOTk3MDMwMTQgTDgzMSwxMy4wMDI5Njk5IEM4MzEsMTMuNTQ2OTYzNyA4MzAuNTQ5MjIsMTQgODI5Ljk5MzE1NSwxNCBMODE4LjAwNjg0NSwxNCBDODE3LjQ0OTk0OSwxNCA4MTcsMTMuNTUzNjE0NCA4MTcsMTMuMDAyOTY5OSBMODE3LDYuOTk3MDMwMTQgQzgxNyw2LjQ1MzAzNjMxIDgxNy40NTA3OCw2IDgxOC4wMDY4NDUsNiBaIE04MjcuMDY0MDYsNSBDODI2LjU3OTA1NywzLjg5ODQ0MTY3IDgyNS4zNjk2OTQsMyA4MjQuMTYwMzMxLDMgQzgyMi45NTA5NjgsMyA4MjEuNzQxNjA0LDMuODk4NDQxNjcgODIxLjI1NjYwMiw1IEw4MjAuMTYwMzMxLDUgQzgyMC42OTQ1MDcsMy4zODM1MzY1MyA4MjIuNDI3NDE5LDIgODI0LjE2MDMzMSwyIEM4MjUuODkzMjQzLDIgODI3LjYyNjE1NSwzLjM4MzUzNjUzIDgyOC4xNjAzMzEsNSBaIE04MjcuMDY0MDYsNSIgaWQ9IlJlY3RhbmdsZSAxNDUiLz48L2c+PC9nPjwvc3ZnPg==',NULL,'2017-02-25 09:28:34'),(4,4,1,1,1,'Первая запись в дневнике','Здравствуй дневник!','data:image/svg+xml;base64,PD94bWwgdmVyc2lvbj0iMS4wIiA/PjxzdmcgaGVpZ2h0PSIxNnB4IiB2ZXJzaW9uPSIxLjEiIHZpZXdCb3g9IjAgMCAxNiAxNiIgd2lkdGg9IjE2cHgiIHhtbG5zPSJodHRwOi8vd3d3LnczLm9yZy8yMDAwL3N2ZyIgeG1sbnM6c2tldGNoPSJodHRwOi8vd3d3LmJvaGVtaWFuY29kaW5nLmNvbS9za2V0Y2gvbnMiIHhtbG5zOnhsaW5rPSJodHRwOi8vd3d3LnczLm9yZy8xOTk5L3hsaW5rIj48dGl0bGUvPjxkZWZzLz48ZyBmaWxsPSJub25lIiBmaWxsLXJ1bGU9ImV2ZW5vZGQiIGlkPSJJY29ucyB3aXRoIG51bWJlcnMiIHN0cm9rZT0ibm9uZSIgc3Ryb2tlLXdpZHRoPSIxIj48ZyBmaWxsPSIjMDAwMDAwIiBpZD0iR3JvdXAiIHRyYW5zZm9ybT0idHJhbnNsYXRlKC04MTYuMDAwMDAwLCAwLjAwMDAwMCkiPjxwYXRoIGQ9Ik04MTguMDA2ODQ1LDYgTDgyOS45OTMxNTUsNiBDODMwLjU1MDA1MSw2IDgzMSw2LjQ0NjM4NTYgODMxLDYuOTk3MDMwMTQgTDgzMSwxMy4wMDI5Njk5IEM4MzEsMTMuNTQ2OTYzNyA4MzAuNTQ5MjIsMTQgODI5Ljk5MzE1NSwxNCBMODE4LjAwNjg0NSwxNCBDODE3LjQ0OTk0OSwxNCA4MTcsMTMuNTUzNjE0NCA4MTcsMTMuMDAyOTY5OSBMODE3LDYuOTk3MDMwMTQgQzgxNyw2LjQ1MzAzNjMxIDgxNy40NTA3OCw2IDgxOC4wMDY4NDUsNiBaIE04MjcuMDY0MDYsNSBDODI2LjU3OTA1NywzLjg5ODQ0MTY3IDgyNS4zNjk2OTQsMyA4MjQuMTYwMzMxLDMgQzgyMi45NTA5NjgsMyA4MjEuNzQxNjA0LDMuODk4NDQxNjcgODIxLjI1NjYwMiw1IEw4MjAuMTYwMzMxLDUgQzgyMC42OTQ1MDcsMy4zODM1MzY1MyA4MjIuNDI3NDE5LDIgODI0LjE2MDMzMSwyIEM4MjUuODkzMjQzLDIgODI3LjYyNjE1NSwzLjM4MzUzNjUzIDgyOC4xNjAzMzEsNSBaIE04MjcuMDY0MDYsNSIgaWQ9IlJlY3RhbmdsZSAxNDUiLz48L2c+PC9nPjwvc3ZnPg==',NULL,'2017-02-27 15:02:28'),(5,4,1,1,1,'Вторая запись','Оно заработало!','data:image/svg+xml;base64,PD94bWwgdmVyc2lvbj0iMS4wIiA/PjxzdmcgaGVpZ2h0PSIxNnB4IiB2ZXJzaW9uPSIxLjEiIHZpZXdCb3g9IjAgMCAxNiAxNiIgd2lkdGg9IjE2cHgiIHhtbG5zPSJodHRwOi8vd3d3LnczLm9yZy8yMDAwL3N2ZyIgeG1sbnM6c2tldGNoPSJodHRwOi8vd3d3LmJvaGVtaWFuY29kaW5nLmNvbS9za2V0Y2gvbnMiIHhtbG5zOnhsaW5rPSJodHRwOi8vd3d3LnczLm9yZy8xOTk5L3hsaW5rIj48dGl0bGUvPjxkZWZzLz48ZyBmaWxsPSJub25lIiBmaWxsLXJ1bGU9ImV2ZW5vZGQiIGlkPSJJY29ucyB3aXRoIG51bWJlcnMiIHN0cm9rZT0ibm9uZSIgc3Ryb2tlLXdpZHRoPSIxIj48ZyBmaWxsPSIjMDAwMDAwIiBpZD0iR3JvdXAiIHRyYW5zZm9ybT0idHJhbnNsYXRlKC04MTYuMDAwMDAwLCAwLjAwMDAwMCkiPjxwYXRoIGQ9Ik04MTguMDA2ODQ1LDYgTDgyOS45OTMxNTUsNiBDODMwLjU1MDA1MSw2IDgzMSw2LjQ0NjM4NTYgODMxLDYuOTk3MDMwMTQgTDgzMSwxMy4wMDI5Njk5IEM4MzEsMTMuNTQ2OTYzNyA4MzAuNTQ5MjIsMTQgODI5Ljk5MzE1NSwxNCBMODE4LjAwNjg0NSwxNCBDODE3LjQ0OTk0OSwxNCA4MTcsMTMuNTUzNjE0NCA4MTcsMTMuMDAyOTY5OSBMODE3LDYuOTk3MDMwMTQgQzgxNyw2LjQ1MzAzNjMxIDgxNy40NTA3OCw2IDgxOC4wMDY4NDUsNiBaIE04MjcuMDY0MDYsNSBDODI2LjU3OTA1NywzLjg5ODQ0MTY3IDgyNS4zNjk2OTQsMyA4MjQuMTYwMzMxLDMgQzgyMi45NTA5NjgsMyA4MjEuNzQxNjA0LDMuODk4NDQxNjcgODIxLjI1NjYwMiw1IEw4MjAuMTYwMzMxLDUgQzgyMC42OTQ1MDcsMy4zODM1MzY1MyA4MjIuNDI3NDE5LDIgODI0LjE2MDMzMSwyIEM4MjUuODkzMjQzLDIgODI3LjYyNjE1NSwzLjM4MzUzNjUzIDgyOC4xNjAzMzEsNSBaIE04MjcuMDY0MDYsNSIgaWQ9IlJlY3RhbmdsZSAxNDUiLz48L2c+PC9nPjwvc3ZnPg==',NULL,'2017-02-27 15:03:27'),(7,6,2,3,1,'Моя первая запись','Текст','data:image/svg+xml;base64,PD94bWwgdmVyc2lvbj0iMS4wIiA/PjxzdmcgaGVpZ2h0PSIxNnB4IiB2ZXJzaW9uPSIxLjEiIHZpZXdCb3g9IjAgMCAxNiAxNiIgd2lkdGg9IjE2cHgiIHhtbG5zPSJodHRwOi8vd3d3LnczLm9yZy8yMDAwL3N2ZyIgeG1sbnM6c2tldGNoPSJodHRwOi8vd3d3LmJvaGVtaWFuY29kaW5nLmNvbS9za2V0Y2gvbnMiIHhtbG5zOnhsaW5rPSJodHRwOi8vd3d3LnczLm9yZy8xOTk5L3hsaW5rIj48dGl0bGUvPjxkZWZzLz48ZyBmaWxsPSJub25lIiBmaWxsLXJ1bGU9ImV2ZW5vZGQiIGlkPSJJY29ucyB3aXRoIG51bWJlcnMiIHN0cm9rZT0ibm9uZSIgc3Ryb2tlLXdpZHRoPSIxIj48ZyBmaWxsPSIjMDAwMDAwIiBpZD0iR3JvdXAiIHRyYW5zZm9ybT0idHJhbnNsYXRlKC04MTYuMDAwMDAwLCAwLjAwMDAwMCkiPjxwYXRoIGQ9Ik04MTguMDA2ODQ1LDYgTDgyOS45OTMxNTUsNiBDODMwLjU1MDA1MSw2IDgzMSw2LjQ0NjM4NTYgODMxLDYuOTk3MDMwMTQgTDgzMSwxMy4wMDI5Njk5IEM4MzEsMTMuNTQ2OTYzNyA4MzAuNTQ5MjIsMTQgODI5Ljk5MzE1NSwxNCBMODE4LjAwNjg0NSwxNCBDODE3LjQ0OTk0OSwxNCA4MTcsMTMuNTUzNjE0NCA4MTcsMTMuMDAyOTY5OSBMODE3LDYuOTk3MDMwMTQgQzgxNyw2LjQ1MzAzNjMxIDgxNy40NTA3OCw2IDgxOC4wMDY4NDUsNiBaIE04MjcuMDY0MDYsNSBDODI2LjU3OTA1NywzLjg5ODQ0MTY3IDgyNS4zNjk2OTQsMyA4MjQuMTYwMzMxLDMgQzgyMi45NTA5NjgsMyA4MjEuNzQxNjA0LDMuODk4NDQxNjcgODIxLjI1NjYwMiw1IEw4MjAuMTYwMzMxLDUgQzgyMC42OTQ1MDcsMy4zODM1MzY1MyA4MjIuNDI3NDE5LDIgODI0LjE2MDMzMSwyIEM4MjUuODkzMjQzLDIgODI3LjYyNjE1NSwzLjM4MzUzNjUzIDgyOC4xNjAzMzEsNSBaIE04MjcuMDY0MDYsNSIgaWQ9IlJlY3RhbmdsZSAxNDUiLz48L2c+PC9nPjwvc3ZnPg==','#1','2017-03-14 12:33:10'),(8,6,1,3,2,'Вторая запись','text','data:image/svg+xml;base64,PD94bWwgdmVyc2lvbj0iMS4wIiA/PjxzdmcgaGVpZ2h0PSIxNnB4IiB2ZXJzaW9uPSIxLjEiIHZpZXdCb3g9IjAgMCAxNiAxNiIgd2lkdGg9IjE2cHgiIHhtbG5zPSJodHRwOi8vd3d3LnczLm9yZy8yMDAwL3N2ZyIgeG1sbnM6c2tldGNoPSJodHRwOi8vd3d3LmJvaGVtaWFuY29kaW5nLmNvbS9za2V0Y2gvbnMiIHhtbG5zOnhsaW5rPSJodHRwOi8vd3d3LnczLm9yZy8xOTk5L3hsaW5rIj48dGl0bGUvPjxkZWZzLz48ZyBmaWxsPSJub25lIiBmaWxsLXJ1bGU9ImV2ZW5vZGQiIGlkPSJJY29ucyB3aXRoIG51bWJlcnMiIHN0cm9rZT0ibm9uZSIgc3Ryb2tlLXdpZHRoPSIxIj48ZyBmaWxsPSIjMDAwMDAwIiBpZD0iR3JvdXAiIHRyYW5zZm9ybT0idHJhbnNsYXRlKC04MTYuMDAwMDAwLCAwLjAwMDAwMCkiPjxwYXRoIGQ9Ik04MTguMDA2ODQ1LDYgTDgyOS45OTMxNTUsNiBDODMwLjU1MDA1MSw2IDgzMSw2LjQ0NjM4NTYgODMxLDYuOTk3MDMwMTQgTDgzMSwxMy4wMDI5Njk5IEM4MzEsMTMuNTQ2OTYzNyA4MzAuNTQ5MjIsMTQgODI5Ljk5MzE1NSwxNCBMODE4LjAwNjg0NSwxNCBDODE3LjQ0OTk0OSwxNCA4MTcsMTMuNTUzNjE0NCA4MTcsMTMuMDAyOTY5OSBMODE3LDYuOTk3MDMwMTQgQzgxNyw2LjQ1MzAzNjMxIDgxNy40NTA3OCw2IDgxOC4wMDY4NDUsNiBaIE04MjcuMDY0MDYsNSBDODI2LjU3OTA1NywzLjg5ODQ0MTY3IDgyNS4zNjk2OTQsMyA4MjQuMTYwMzMxLDMgQzgyMi45NTA5NjgsMyA4MjEuNzQxNjA0LDMuODk4NDQxNjcgODIxLjI1NjYwMiw1IEw4MjAuMTYwMzMxLDUgQzgyMC42OTQ1MDcsMy4zODM1MzY1MyA4MjIuNDI3NDE5LDIgODI0LjE2MDMzMSwyIEM4MjUuODkzMjQzLDIgODI3LjYyNjE1NSwzLjM4MzUzNjUzIDgyOC4xNjAzMzEsNSBaIE04MjcuMDY0MDYsNSIgaWQ9IlJlY3RhbmdsZSAxNDUiLz48L2c+PC9nPjwvc3ZnPg==','#2','2017-03-14 12:07:47'),(9,6,3,1,1,'Третья запись','3','data:image/png;base64,iVBORw0KGgoAAAANSUhEUgAAAIAAAACACAYAAADDPmHLAAAgAElEQVR4Xux9B3hUZfb+e+/cqZmZ9N4LCb13KaEqTboKYsO2ruvq6qqra0HdtXdXdC1YQAERaVIVAekl1JCQkN57n97+zzl3JgQrRcTf89/7OE5Iptx7z/ud+p7zCfjf8f/1HRD+v776C7j4GVcOj3RB0U1v9A/WaDRuh9NeWVVeX1xe/331yZOwX8BHXta3/A8A53H7r756THiIIeCzkWPGD01MSlG63G6Y2lotlZUV1UUF+cfyCvK3luTnfbP3cFYhANd5fPRle+n/AHAet37SpGGBUSHRy66ecc34pOROqKqsQElxIVpaWuDxeGCxWF1VlRUlxcXFqyorij7ZfzgnE4D7PL7id3/p/wBwnrd85tVjeoqi8g2tVjfSZGoTzCYznC6nRxDEVj8/P1VwSKhGq9OhqaGhtLysbFFlffV/s7OLK8/za363l/8PABdwq6eOHxHrEoQn3C7XPLfbrXF7PE6H0/ms3WLL8Ii4Tq3WTAwJCfVXqdTu2tqavbW1NQuOnMj97o+oDf6vAkAVqNVGBIUFJas16kSX2xOlEKAlWTqdDqfFbKqxmGzFVps5v82OUgBtFyDnX3zL+PHj/ZRu0+1Ot+cRrVYbplJryhrqav9pclSscFiN6YLH85BO5zfcPyBAYTFbquvqav7d2OZ4v6ioyPpbn8vFfN7/JQBojEZjj7CwsGGxsdFDwsPC+4SFBkcajQadRq0W1BoNlJIEt9sNu92O2tpae3FRYX1paUl2dVXVt81NzesbTfYswsjF3LCO712wAOK+HYMnewTxpZDQsFSX09VQUV761+/3Hf1saM+eYRaX9W5RIfxFbzAGAbA0Nja+Vlnb/Fxtbe1vDsgLvab/CwAQ4+LihgQFBN0dFhE2PiQkJFilUrGgJcENjUqEx+2CUqWEUqmETueHwMAg+BmMcLvcaGhsRHFRkSfn9OnK8tLSNfW1te82muwnAHgu9Kb98H2jRwwYKimkd2Ji43o2NDTkVZRXzDpw5OSx2bOhOJWZPAUezwsajSZVVCgcrc0tbzaZHU9UVFSYf6vvv5jP+UMDICoqShceHnlXaGjw34MCgyLMFjNKSkpQXl7OnrefRkJidBCUkgKiKEIQBID/E6CQJCiVKmh1euj0Rqg1OrS0tqGosLiovKry5dr6lo8A/GZCSB/cO11nNH4SGxsfV1hQ8GluYfmdPnXfo3P8EKcL7yolqacgCDaTyfR0XnHlC3+EUPEPC4B+/frp9Dr9Y0EhwfdLkqQuLCxEaWkpWltbYLVaWQMEB/iha0o0JAKAIHgBIHBI5nG7QXG6y+mEw+mCyw2otXpodHrUNTRZqysrPzLVNT/RCtT9cAWlp6dLVWV5Vwhu+Knd0p6jRUVN57LKhg3qcXdsXOJrer3Bcuz4sbkHMjLX+96XmhQ3DB7XRwqFIsXt8TTaLPZbiiqq15zL517K11xOAAhvLlhgiOgK6zXXLPhhBk0xfsz4hwKCAp90OO3qgvwCVuU2mw02qxUWq4XtfHR4ILqmxEBUiBAFEYJIlyMAHg/cHjeDxOVyweV0weFwwGKzw+H0QKnWwWSxu2tr676wNrfdbwbOCtOS4iMmRkVGfTxgwEBjdnbW2saq0nv2ZxZW/5og0nv3DvD4Scv79Ok3vqKq4pt9B76/tqSkubEdBAlR17k9nvcgCAan03XA4XHMLC9vKPu1z72Uf79sAPjrn66fHheX9GB0bNy3nbr0eaZ///4O34WOHz9hQlCA/2KH0xlcXFyMtrY22O02Xvn0IABYrTZ0To5EUlwERLGDCfB+CAnfTcJ3uxgEToeDQWCy2GC2OuCGAmaLHY1NzYtNFvt9ABq8bxUSY8LevemW2+74xz+fwKL33/F8tuSjf+7ef/y5cxHEgF6dZyQkJS/p1r2H8vvt393/3c4Db/nel5KSooajbaHL7Znvdns8Lpf74bKqupfO5XMv1WsuCwCmjB+Y2KtX//X9B13RxW6z7tYHRk6cOHFiC13kmDFjgoOCQpZLCnGMbOubYTaTwEmAVjicDha+y2lH3+5JCA0OgKhQQME+gMgKgDWA1wRYzBZU11pgsQJ+WgfUShdMVgdMZhtsDg/azFa3yWJ9xW53PgbAHhUFnVEbt+aV198aO3Hy1SgtLcET/3zwwL7vdk88VV5e/2uC6N27d4CfyvPV1dNmjqqprS5cv3bd7FP5JRntIIgPG+JwYa3H7Q5xuT1H7C7rxNpaU9Wvfe6l+vvlAcC4ASNnXnPT+pROaX65p7I3r9u87fpVq1bRzRWnTJn6D3+j8amGhnqptLwejbZYBAZ0RWOlAXXV2dDq1sPttkKtVGBAzxTodBooFBKDgB1Blr8MAIfDjiOZTmj8rocxKhGnyk8ixPUFAlTVaDPb0WYmbeBEq8nS6nQ573S5sDQ8UN89PDJy46JPPovp138Af9a7b7/RvOjDdycdOpqz+1wE0ad72q09e/d6d/qMa6Sln33y9c4t22+paG1lXyMhIUEDp3mpy+Wa5nK5bS6X59rq+qbL5gtcFgBMv2rI7Pl33rdUpVIpNm7c1LZi1foDWq3mxdDQ0NbIiOgVGo0qKvtUBXJtk6DrPwm3To6Cq8CB/zy3Hn7Sk3B7WuGv16BfjxRQSChJEnv9BAA6PG4Pq36r1YS9GTH4yz9eRXOcFh/uNaN533qkVL0IhacNLSYb2uhhtsHpcuX769WLlJJqiEqtmnzTzfPxj0efgEarxb69u/HsM0/8bd3G714/JwD0SYtSi5oNd/3lnl7+/gHuN197+e3vdu57BICJ3p8UG/6aQpLuM5nMBNSXquqaHzqXz70Ur7ksALhmcvqfbrr97oV2m1VYvXY9vv1uFwwGfVVgQGBzfGJCmsVkwq4jMWjpdS8wPgS9UzXwO9yIIx88A6NjPaw2O8f/PbskQKPRQJKUUCgUUColqJRKBgJFAQ6HDcdzJUh9HkP9iDQUakXg+1qEfPsYooUdaLM40MoAsMJic0CvVUOjVvHnGAwGLHjmWcy+Zg5qqqvw76ceW/bmOx/ecK6JpD49Oj2ekpL69HMvvoYD+/bZ3n7rtUUFBQUfuuGO6td3wAtXTZzU5c3XX0VLW+tGnb5lRlERLkuG8LIA4Lop6Q9fP/+u51tbmrFy1TrsPXAYRqMRwUHBSExKRFVFNfYeGw3H4NlwjfGHIkAFxaaNMO55HHZTDWjlkID1eh3cbg/bfNL9pAm0GjX8jXqEBPnzg8LDQ829UDroT3BHhUJxtA2q7WuQIL0ED+xobrOyFiDnUKVUwOCnZRBRaNmjZy+8+/5HCAuPwH/eePnka2++PK64uO6cCjuD+nTranc4NkydPiP+/gcfwfbvtroXffDf5ubmZtUDD/7Dr3OXrpg9YyrKy0ozRQdGV7W11V6KFf5rn3l5ADBt9DNzbrj9sYb6Wnyxci2OHc+C0d8fYaGhiI9PQHV1FfYfjIc17E/wdA+CCyVw77wfyqajCAmLRHKnNCQkp0Kt9cOq5YtRX3t2hKYxBiMoMgGwNsGociM40IAqVT9UKKfBVRULoXgf4kJehFplYwC0mm3sFJK9DzDooFaroFYpoVar8c8nnsL1N9yM1atWtLzywr8n7dp/bNev3VTv38W+3Tu9Kiqke2+59Q7cesddaG5qgsViQXxCAvbv24ubbpiDxob6EsGlSK9ubiYOwe9+XBYAXHv1qFeuvX7+/XV1Nfh8+SrknC6Av78/IsIjEBMTg4aGepSU1CO/MAZWKRA61QkM6OGH8RMmonuP3tDqjbDYnCgpLcWzjz+EirLis25cWEJXpPRLh1IEzE01aCzLhcLeAJUqDM0tsXDYKxEeXAmn04Vmk4XNAAHA6XLBX6+FTqtu9y2GDR+B/7zzAU5ln3Q/9sjf17W2mnIFwSM7GxAtAjytguCpd0OoFjxChVvhrlIq/Ru2b99u7dcjtbPD6VwtScq0SVOmYe68GxEdHcMAf/nF57B2zWryAarhdo2rbjRRevp3Py4LAK6bNnrh7OtuvquysgyfL1+NwuIyBkBUZCT8/QNQV1eH4pIiVFVVom+/frh5/m0YO3YcDAYjWtpMqG9sQWNzK0rLyvHsEw+hqCDvrBuX1GsYUnoOgp9OAz+dDkoFUF2ch8KT+6ATzTDo1LDZHPLqN8kPk4WSRC42ARGhQexEUmgZHBKCN956F6FhYXjogXtQVVklZxzPPoj0QUUmkweoFoFCt+A5Jrg9+8xWcy+b1fGg0+nUBwUHIzg4BHX19SgrLZWTVC5XowBcVVXfcuB3l76cNvvdD+HaKaM+nHHtvFsqK8qxZNlXqKishb+/EcHBwXxKOTmnYHc6cM2cGzHn+nlIToxHgNGPT7ShqRX1jc38XFZRiWef/AfycqjIJx+CqEDP4ZOQ1LknC9Og18Hgp2MwtDY1Yt+29agvzYJOLbHqb2UTYOWkkNPlhtHgh26dU2C1WNBmMrFD+Jd7/oZJV0/Fv596HCczM9ujDf4+SkHLP3ifvSdCrglgAzyVdofD32qxBpL6p2wmpajJ3LhcnKlsE1zuKVVNbdt/d0lcLgDMmTbmg2mz5s6nJMviz1eitr7R6W80ZqlVGmVJWXEXhVKNm27/M0aNHovgQH8EGvUwGnR8uq0mM6/+phYTiopL8MLT/0TB6VPt906p1mDoxLmIiU+Cv0GHQKMB/kY/6P100GnUsFkt2LxuJY7s+QYKgRJBchhottrZoaTX9ejSCaIooKGhgfMJY8dfiXvuvR+ffvQBdmzfxhEHCZ7rDyIJ3leE8qHQu66oJkG/8oBT05yJNJkZWJTR9ALA5vG4ptY0mDb//wIAac60sZ9Onn7NnOrK8pYNW7a9lpmVe1KSpKPV1dXP6I0B186d/2cMGDSEBehv0MOo10GjUfMKszmcqKquwY5t2/Dt5g3IPH4EDruNBUKpX0mlQe/hV6Fr7/6ICA1BkL8BQYFGBBgN0Gs1UEgKtLa2YfmSj7Ft0youJZusdlhtTl6VPgBQFEAVR0o7p6V2xj8eexJ7d3+Pdau/knMOLHyRzQRFH1SK5jyEIMiFKEo/u5xchyAQMRQICG4P7A47WlpaKQ1NGsEFl2dmdVPrZUkG/e4moBug6nZ1+rJJV8+e3tRYV6XTGUfffvffsgHMV2u0/5k46wbt4GHprLpJ8Ky+tRqoVEoW8snME/h00Xs4fPAAr9Lw8HBERUUhLCwMer0eNTU1OJmVDa0xGKOuuho9e/VCaFAAPwL9DRzemcxWNh9vv/4S9n2/lVWy3SGTeAlw3buk8Co3m81obW1FSGgI/vbAw6ivr8OKZZ+1C12lVkOr0YDIKBq1BirOIaggKSUoRAWvelL5ba2taG5u5mfSApyplEmkqKurd7WZ22ZWVF+ebOBlAUCPqaOXXTlp2vTmpoayIP/AK268814lgHU9B47oMmbyLI7j9Tod9H5aFr6cnFHi8MG9+PCdNzkxQ4kaEnpERAQDICEhAamdUhEVHYXs7Gx8tXIlCopLMWXWXFx51QREhYcgMjQIapUKdY1NqKxtwInMLLz67AIUF55xIkOCAtC5UyKDjSqOTc3N0Go1uO32uzhXsXzpYkgKBWsklUrNoSIJ/szP8u/UKvq9/BrSEAQyCgPLy0pRVlaKtrZWzlhSJOJyOT9XSeIj3+7KKPm9zcDvDgAAqnmzxi8bPW4yAaBYJUnD737gsTuMQaGPjZ1xEyKjolno5LTpNBpO7BAAcrNP4KN330BbCwlEBz8/itfVfL+oGqjX+yE5ORmDBg1CaGgoKisrsXXrVpzKOY3b7roHkyZNRlhIAMf3FEVU1tSjqq4RWzZ+jc8/XMh1AzpiosKRGBdNmpxVd319A5ebZ8ycjbS0Llj91RcQ4OEMJKWhZQB4hc7PGvl3XgDQv5X0OpUaSpWafYamxgZkZ51ETnYWVzrdHo/H7fbsFlzuB77be+h3jQYuCwCunzV+Wfroq6a3tTZnrvzq67t27c9Y1KX/yE49B4/iGFynJeGreZVp1SqYWlvw2ftvoLayDDo/P9kJg8A2lskfPk/LA2h1WiQnJaNb9+5wu104cOAArDYHHn3yX+jWrSubjTazBfUNLahtaGJT8Ol/X0f+qUwWeqekeESEhcjevQDU1tYxEMghHTRkCLZsWg+Xw8bUM04Yser3AUAjA6MDEHx/Z0CoVAwG0mZ0ziXFRdj5/TYUFRR4Q0L3KcHjuvu7PYeJQfy7HJcFAHNmjFs2ctT46Raz6eiLr7+zor6x9an+42ZLoRHRvNpp1Ws1tGpItSqxf9tGHPh+CwICArjkyxU/9q9/4vS99pX8gU6dUlh4mZmZGHTFSNxyx93sA8g5ABNHE/TYt2sbtqySbXuPLilsgsiho39X19TAarNhwIBBGD4yHfv37ILdZoZBb2DV71vxsh+gZn9A/p3sG/h+VmnILMhaQ1Kq2BklzUXaYOuWTTh4YB/7By6XJw9uz23b9h7c8Xsg4HcHADmBPaePWTZ85LjpJlProaeffb1SYQiZ0n3YJOi0WgaALxWrUalgtbRi0/IPIXqcvOpoxZ/T4fHwzY6KjkZrSwvqG5tw+18fQnRcPNt2cgRb28xoajWhoqIcG5a9D9jN6NEtlc+B7DxpmsqqapjMJnTr1h0jRo7CieNH4bJbOHHlW/m06s8I3GsGNFrWBr7fazRar7aQnUUqYFEkQc4gOYebNqzDzh3bYCcQuN0nXA7XvJ37Dx8/p2u9iBddFgD0mD5m2RXDR0+vq6s79dJr70gBcd1TYrv2h5qqeWwvlVApJdYA5QVZOLxjPSLCws+Ue72xNdlmEhSpdQKGw+HkFe9LyhBWjEYDa47TeXnoN2wMBo8YxyuNKoomiwWtbRY0t7Zh37er4W6tQlpKAn8maQpapZWV1WhuaUFycgqGDR+J0znZUAhuBASSP0ErXhb42SDwRgZeobPwCdwMCi1rBrpO0gAULrKz2dSIdatXYs+u79kxdLpcawWV86bt24+eEx/xQjFwWQDQberoZVcMS59eVlZR9Z/3PvELTRtsCI5OhlISuRJH2Tfi+NNzTsYONJTmcp3AK3f2EQL9/RgkPu+bHC+Px01JJc4sOpwy/Z+ESZFCVXUVFFp/jJw4m42HjUBgJRBQFtCK08cPwFWXh6SEmHYA0Hsrq6tRV9+I2NhYDB48FMXFBfDTqBAUFCB/tzcEbFf3Z2kDAoZX6FottPSzTsdOLP1eUiqZqmaxmDnkrKmuxuKPqe6QRYB2QMDdO/Ycfv9ChXsu77s8ALg6fdngoSOnF5eUlv/3oy+MYd2GGfSB4QwAWnkkfFkFi8jeuwlKpxkhISF8PZERodDrVKirb0JgcBiHgyazhdU8aYKw4EC4XDbk5pfCZiPPXkBQUCCclEBqbEa/UVMhKdWwO5288iyUBLLbUVWSD0vpUXRJieewzXcelHSqrK5BZEQk+g0YgMryMgQF6BEUFCSHe2z3ZfUug8BnAs5W/wwErSx86h3U6fRsQojraDaZWANs/+4bjkqsVjNHGiazeXeL1TwtIyP3R8zlcxHuubzmsgFg4KBh0yuqqvLe+WhFUEiXYUEafQAUoiALXlLwM92EvANbEKhVcBElMSEG/noVtm7fg0FDhiE+Lg6NjY2ob2hACyVaTGZ23CLDqFdAwOnCcjYLOioIKZUoraxGXK8R0PgZWUPQw253wO5worm+BpbiQ+iRFi87al6CSVVNLUrLKjjn0LNnL9TWViMyjIo6wT8Wti8iICB4tUM7MLyagBhGWo2OmUYENKpANjbU45OP3sfpnFOYOfs6BAYGcG6ivLTE0VBfe+srb3+8+FyEeSGv+d0BAEBxzdXpn/TrP+T6xsam429+sDwouMuwGKVGx6EXrXoft89pbUN55i7EhQdj8KABiAjRIyMjA/sysjFixAgWVGNTE6tP6gIi4CglJTRqJeKjAiAoVGgxsWfN4WGryQJ9TBe4RSUL3myVy8AUFjbW18Facgi90uLYCZXTuxJqautQUFjCGigtrTOamxqQGB/DWkXl8/a9sb9s233JIW84yPkAr2boEBVQOOjLNr737ttc+XzgwUcQGhLKIMvJzoTFbILTbvu0oLz+lgULFlySNvPLAQDhuqtHfdCzz4D5Fptl+8tvL9GGdBk2SKnRw+1ywmm3QHJZEagTERNqRFSoPwL99XDZTCgvLURjUwuOniyAy6Ng547AQoRQ2XlU80o36CT460QWun9AEDQaHXveer0RBv9AKJQquD0CbA4XrHYHVwXJ2y/KyoBWJVPLyASQP1JbV4/c0wXcbpaYlASzqRWdU5MRGBjoTQL5Qj1Z9fuyf/RMQvbF/2fyAPI5UhRAvsiyz5fgdG4OHnnsSf4O8gfsNhsK83NRW1MFh8t5wAXrlbfc8rdL4gxeFgBcM2XUhz169b1FIYkrnnzhXVtgQs958LihcpkQG+aP1IRIBBh1cDvtaGtrQXNTI6xWC9tzCp2IvlVV2wyL3cMxtc8b16qV0GkU0KrA5sR3tFfrBJG99tDQcBiMBB5BBpCooK5icPdRSSmnfLU6P85B1NU3IPvUaRiMRsTExsJps6JXz67MWziT8PFm/3wZQE74yIKm2gA/VLLQ6XdUTKKfd+/ahQ0bvsbT/3oOkZFRfI2UkXTYHaipqURJUQEcdnup024fdfOdf82/EBX/a++5LACYPSn9/W69et+q02o/f/xfr+4PDwt+IyzIiLCQQGjVEizmNqZOUUgnZ+S8gvJSv+U+QJHLqbSS6WdJosSN0C54OTkodwjJuQP5c4hCTistIDCIq3ny70iDqHHi+DE0NtRySBcQFMqeemNjE06cPAU/vR5hFIoKHvTv24udz/a0r9cUyKvfK3Ba5d6VTsUhErikkNnL9KirrcXChQtx1933YPDgIbzyneSX2O0MAmqBK8o/Tb9vdrudE2+Yf/eeXxPmhfz9cgAA10wZ8Vrnrr3u0/npP3/mhZdfSkuI3uCv10RSTMxxvJdo4bsgEhDdbBIjVe2osMKdP245DewTsPedchZPIbb7AzqtSo4s6EGrUlKy8GUaucB8ROohLCw4zc+UnKGmUj+9Ec3NLThy/CQ7kgEBgaDPGjygH6ekf0oD+Fb+GYFTNCMxyLiBxcsl+OyzzxERGYW/3vs3XvkkfAYAawA7t8CVFhegubnJ4Xa6pt9w25/b+wwvRNA/957LAoDpVw17pUu3Hvfr9Ybljz714o0p8ZELo0KNt3o8P56rRMIloTW3WlBcXs+OGwufG0DllPCZesCZy/QRNmj1USk4NSmGzYqs8uWVTwIhVR4UHIqK8hKYzab2xlJRlKDTG9DaZkLG4eMsbEovBwcFMADIi/d5+D4g+Ow8r/z2ZhU5nCUzw/wBhQJFRUVYu/ZrPP/iy+zxUzjqIv/HQZGJg0HYSAWjkydIA7i1Os2cW++494vfUvBnzOOl+NRf+cwZk4Y/nZra9XGj0bj80adeus7PT9UjOTZiaUigvhuRKXxagG4oqWr/wGB8s30fSsoqzz0V3OEcKG07a9YMCA4TggL9YTK1siC0WnkVUwRAv/N1FFGZln6m1Uw5hv2HjsraRKtBbEwkBvTtI2fzfujdeyt+Pj4AaxkvccRnyuh5+Rdfok+/AZg7dy6DjiIYH4GEyC0H9h/AmjWrUFRYgPDwMPTp1f3p5auWvVpQ0Nj8W4vrsmiAGROGP5rSKfXfAYFByx9Z8OIcQRA8gQbDsOiooDeiI8P7hoQEw+gfAH//IKSmpSEv7zRWrtmEisoqJmic70FO3R133IGKklzOHZQU5CKtS3dU1jbB0tYAvU7jNScy+HxAIPNAANi7/zBrDAoP01KT0atnd2+416Hy500CqVTUqCJ1oIqd4QwSGGrr6rB67dd49rkXWKO4nI72LmabzYoNGzZg6ZKPAacFw0ak4+oZ15IJMR3N2H94145vFx45tWf1b9lEcnkAMGn4PYmJKW8GB4e0AwBAqCAI/x05bMj0Pr2648TJbC649O6RhtO5uaioa4PZYsOePT/vC5GQZM9bpmfRv8muRkdHY/asmWhprIafVo2i/BykdO2LrJOZSE6I5poiO4tuuadQZuzQv91oam7Brj0H2eSQg9e7Zzd07ZLG30HClvkAZzKAFPqR/f8J5jCf067de6DU+OGee+4BNcbQwX2Mdhu2bN6Mz5d8jMS4KAiCh3MV3Xv2wZBh6QgNC8fxo4dNWzd//X7W0YynT3RoOz/fBdHx9ZcFADMnXXFTXFzyxyFhYV8+uuCla7RaId5mw8sJ8XHTH7jvbpGoUhs2fYPRI4bA6bByLF7XZENMXDw+/vjjdjPg8+A7Cp6cNXr4+fnxCiMBpaWlwdTajOiocNRWlSAkNAInsk4jMsQodxdxNOEFgPeZ6gr0u7q6BuzYuRc2u4PL1AMH9GWWMtl5H+lDtv0yMYRCPnb4vH2Kvpvt0ypfrV6HG2++FV06p3Kkw16M243Cgny88vKLSEmKw43z/8Q+QdaJY9i3eztMJhMmTZ2F7j37IvP4YdeWjWvePpT5/cO/hSa4PACYPGxKTHTC2ojIqPUL3/30qar6uudVSmn07bfejOHDhuLTJUuRlBiPhNgo9oZpNMzpwkpMnT6TVx6ZAWLs0o2hyh45UXSwHfV608QVJMHTVJGcnBwuHEWGB8NhbYPZLqCuphypyQneUFJe7exYsnPpgqmtDfV1tUwIOXYyl3sGdDothl8xCFER4XJMz4keOeb3hX/cpygRa5g0kFf8XuoChZTbvt+Dp5/5Fxw2OcwlJ5bIrJs3bcSXX3yGUSNHIn3sBAQGBfO1El+gpKgQAYGBCI+I4gjo8ME95h3bNt224bsjSy9m9XO0dbEfcCHvnzFxxIiY2NhNCklT/fFny81ms6XrkEGD8PcH7sXhI8dw5OhxTJlIZVtZsDk5eVDp/HHtdXNYmPQgxq5MoHB5o4AzPOLhyLUAACAASURBVAFm9+r1iI+PZ0CQo+WyW+GytyEkPBr79h9Av15d2Va3O37efAEBrrqqEjVVlRyekRo+mVvEhSUqLacPH8JpYHkGUYdET3vc721VZwDIt5flLwjIPZ2HljYb7rvvXtRWV7XffQr7li79DEcP7YW/wY9DzNi4RPQbOATRMfFeMyGHvxT3kubYuePbbTs2rp1xtKjpojKElwcAVw0dEB2bsMktKIK++HItr6SH/n4/EhLi8cGiTzFuTDqra6qL02p/650PUFVdh+joqHZh+7zqnwIgCZVCr+vnzoXbYebEEhWWqMnzeNZp7v9LSoyTKdtewZMGoKJMcWEBD6UgNU6CIQp3Vk4hmppbERYWipHDBrF5ob9zrM+C9yZ6KMlD4R9PLPHOLPKeIJ3vvgMZ6NazL8aPHc35fhprw6VpqwVLP1+C0sIcZhX5WMOUdxh71RRERceylvBpKPrI0pKCtj3bt03/Yv32by9kEV62MNBgUKeGBQY+NmrEkDnGwCBp+Yo1GJU+EnPnXIft3+/iWUCzZ07nCyb9tH7DZrz7/iIGw/kcPXv2xAvPPYOyojzWFLTa7S4BGYcPY0z6cC8bx9uh43SivLyUW8yoI4gEQ3E+aRfK0BUWlyK/qBwJcdEY2L83x/+c0ePEjlw38CV7fM9yltGrZL0spm079+K6ufMQExWBluYmWUN4wCZu+dLP0NxQxZ/lO8hExMUnsUnwaSsCKoGGCkVHjxx8+q3/fvbk+dyXH77299QAytAg/QyP2/OEWq3uOm70MPgHBiHjyAnccvNN0Gq1+GzpCkyfOgVxcbFsmxoam/DEU/9GTu5pLvPKq/XcLvfxxx7DyGEDUV1VwSuKcvubv92BLmnJSE5MYECRo0c1ABI8xdxOB3UHuVmwfnqDl2XkQGNDAyqqqrlnIDg4CP4BATKly5vZO5NckpNM/Dff2DqvEaCy7+59GZz5czttDCxvgIiW1mZ89eUXcNpMfJ3tjiPA+Ydho8YhIiKqPUKR28qcyM/PXf3sSwuvpQTpud2VH7/qdwFAYGCgvyQ4/u5xe+7xeDz+pJ779+3JNzk1rQv69+uL/QcPc5w/c/rVfJYkhE2bt+K9Dz+CpJBvFbVvnQsA4uLiseiD/8LtkKeJ0feVV9bi4KFDmHb1JJlC5vZwZq4w/zRyT51kdS/37Lnh52dg0oZP7VrMZlAfI/kSJNjQsFAYjf6s6jm12yG7KNct5JlFHb1AiiIyjmXhkX88iqrKUmYC+WYa1tbVMhFEEimZfbZISNipnbuhW4/eZwGAfl9VWX700O7vx63bnnHBhJFLDoAogyFEaVC9GBYeeUN8QoJE8SxV74jP19xYj6FDBrMHvXL1OlwxZDAS4mPZbaJBUK+9uRAF+ac5/KL+PeriPZfjpptuwj1/vp29eDlEVGHFV2vQNS0FXbqkcdKHHDhypkqLC9njt1hM7PARWIjhw3bY5WIqGY2pI5UfGBAAhUJgM0HNIuRotk8oY5svM5Z9RaaO50qDrnILyvDwP/6Bgtws2aGTe0pRVlaOvbt3gKqZPzzoPIJDwtC3/2DWOARQrn14gPramrJjxw6OXLl+V8G53Jefes0lBUAMoPVLjn11yNAr7rjyqoliXFwCwiIiEB4WzjHz+jVfoq2FOHzVrAGmT53EN4RWVe7pfHzw4SKoJECpUKC8polbuH/tIAftnXfeRmRoIKwWMwuutr4JW7duw8zpk1nwJCgCBYVYdps8dNLbqs2q1fdz5slMFs6IEek8uYRMBA+qtFhQVJgP0gxy0skrfN+wSq/p7ziMtrmlFbWNJvz1r/cg++QxWQN5735+fj4TQIgK/1OsZ6KS9e4zgCllvkQVIaC5qbEhL+fklYtXfnPo1+7Lz/39kgIgJTFqSv9+/T/v0bO3nkIqAq5celUhLDwcboeV4/Pdew8w5btPr24cttFrNn/zHQ7u380NorRiTxVWwWb/9TnP1Bn0wrNPo7a6grUp9ext37mXG04G9u/LnjQZFAIgfZcscO9MQe9cQVr5xDwik3TdnLmg1DSRNOj1TY31rDkobZuTlcldvqQ12qMSb5u4r1nFJ9CGxmbY3BJuv3U+jh+V5UU3n/IAp07loK66gvkHPz4oopHQuWsPTo+fAQAIAKaCgrypn325aesfEQCKYYN6vd+zV59bqP6u89Oz4OkCTKY2jrU7JSdy1m7zt9sxdMhAGHRaviHkMH25cjXMLbUw6v1gsTuRcaKAkzG/djz00IMYNWwQ6mpr5GycKGLNuo0YN3okx+8kEAKj3mCEweDPHyeveHnlE0pPZGbi0KFD+NNddyMoOIiFLyeI3Cz8+roa7joqLythHh+1e1Gev31GgPckz5SqPcxWhqTDrbfchMMH98mvoCDA7ea8hs3Sxmbxp9W0gPjEZK5atpsAgHiQzpLSotlLvti4+tfuy++uARLD/MI7de3x7cDBQ7uHR0Ty1cqrgfLtHpSXFiMqIgwWqw0HjxzH6BFXwG6zsNBoqPO6r9cjNFALPz89Wtqs2LbnCBM8f+kgmtbCt9+C09rCQiNNUlPXgMOcWLpSnh5GALDweDaODIJDQpkqJqd+PaiqqsKypctw8y3z0blLZ85EdkwWcb9gXQ339FH+/vChA9w1zGagfU4AZR06cBU8QF1DI9Q6I26Ydz0O7qMxQ3J6kIBXUlwMp0Nuce940PcSKMhchIVHIjQ88iwAtLW0oKKi5IZPv9i05A8HgK6JEQO7dO+xaejwkYFUG5dn98qriNRmSVE+unROQ0VVDarrGtG3ZxemR5PQyCc4fCQDibGR7I1brA6sWv8d1+Z/6SD1/9gjf0dJ4Wmv86fE4WMnObYeNKAfC5I+/8wMYSf7A5R2DY+MYoeOag2dUlMxc9Zs9g/kVSw7XnKZ2M3Cr6ut4t/l5ebgcMbB9l5CX2jnmwfgA0JDUzPUWgNunHc99u3Zwe/lDmSbjZNCvhK4fH0yOIKDQ+EfGMiRCql/AgGdkM+sUIdxTXXFnz9ZvvGdPxwAeqRFz+7bd+DS7j17K3xMH7ZfbjdaKc9eU4muXbsgN68QWp0BEWEB7FyRgErKKlBZUYHUlATOsxNw1mz4Frl5Rb94nX+6806kDxvAqtkXm3+3Yw8G9u+DqMgIztpRiMdg7ODs0fnR/CHSFvv2H8QjjzzK9lgmmpydYqYToNxBTVUF+wRkyrZs2sD8/h9mJ33vp09oazPD4fLgz3fdhV00k4AaVwRwPoBaw9oPIsBISsTEJSAlrSvqaqtxNGM/9HoDQkLDZXh4z4kA0Fhf++BHy9a//IcDQP9uCX/rO3DwqzGx8azmSIiyA+NGcyONS2tDWmoaTwijlnCV6IKNYnaRYvZqHqPSKVnO5dODqNlbtu3hnr6fOihT9vxz/4ZG4URbKzWJKHgcy4HDxzBh/Bjm+QWHhrFJoZvf0eun8yKP/stVazDvhpsxfPhwb4HpTOexj2NIwKJhD9u3bUVOTq7cbdxcL+cIaFZxh6OjGSDzRf2Jd955J8pLCmWQQig22ywOp92R4lv3dH6JyZ14tdN3lRQXcJ6CfCjSVPKgETkMJBJLc1PTYx8tXffvPxwAhvZLfb53n/4PBwQG882WOXxyMYPoToLHzf12+UUliI6Jg9PWyskYuuj6hiZ+JMZHsSAolUuFocLichw5kYumlh/vuEJ1gheefQbF+acYcHzzyiq4DXx0+hVcro2KieVn3yri8+JikhuHMg5z6Hn7bbciNDwCdN4dY2666STg06dz8e7C/+DUyWMcCYRFRCI6MtIbDUhn53G8reu+3D41fnZOTaH8gaupoe4beMQnLTbzPYBnHuUOSOVTEYiKQT5vn4BC3EDyV2Sn9QwoyZk2m833frB41Zt/OACkD+r+btfuPe+knLpP+L6LIpq3pBCRlJSMopJyxCYkwtJSz+NUSI1Sx05+YQmiwoO9I19lEJAmoLk6eUUVqKprYqeQtCExwGdMm4KZ06fixNFDXlKoAsdO5nABp3uXNBj8A9jhIw0jD5aWCzYkMQLZoo8+QXp6OiLCglgF9+jdnyMFOfdO9lrk0W7PPPU4SgtPQadRMVHj5tv+wsWj1V8uQ1Z2lsz967AfTbsZ8Np8vZ+2XqNWL1QJfm++t3Rp3R03zlimUqmvJYIoJXwICFSO9hV+qirKUVNdyS1lBIyOZslsaqMm11vf/3Tloj8aABTjh/f9JDE55XpSzWdInLIzxdU2UUBycidU19YjPDIGltZ6ru/7dv6gsMnU1gqtRm6glLWA/KBmDpoS1tRq5uwdhZKPPPpPtDXWsE3mPLwo4uDhExg0oC/CQkNY/dNNlBnDXoYu5e2VSpzOy8fW73bghuuvY1o4HVSB69N/iJfdA5448tLz/8LJo/vbEzb3P7wA06+Zx2FlWUkxFr7xIrKysjn5dGZmhY+06nG5PdgDl+vfToVu6/bt252zZ89WRQapv4yKjp1CWUWZ6Op1OL3+BzWHUO6BkkCkvXz23xvNOOxOx+z/fvTlBQ+YulSJIMXEUf0WR0bFzqEwxuf9+0qvlHol1Zua1hlmsxVKrQFK0YW6mqozaVQPUFvXALOpBS4XkT7kHj5KBlFeXf5Z/v2UqdORPvwKHNovT3Fl79rhQlZuAUaPGMrl26DgEBa2r5OIhjjJ7eUSiKUTFxeHtE6JTNOi1U7Jnb4DhnICpqKyAs898ySOH94Djdc5JFU8PH087nngnzL1zOHgbN67b7/O4CQgc9ArO2ylAoT3nKLrg+3bD7bvDXDzzemaMP/kr8LCoybQZ8ir+2wANBBhta2VexSIaCJH0jKobHZbg8vjumrh+8sP/uE0wKTRAxeHhIbOkWftnOHa0YmT50vlzM5duvNqpKndNA+wvLSonUrli4lJwLR0aCoodemYrVYWPlXzqCw7/sqrMHb0KBw+sIsdMblJREJdYws7jAP69pTtp9HYXqTxVfH4u01mrPhyNebOuQatzfJcQN93k0oeOmIM3njtJezcuoFXPucNDEZUlJUysfQv9z/CWoLCOfJTvtn8NTZt3AgICrIuzfAIq0XR/eaInRlHF/xgG1kCQHhAp68CAoMmUPjoy0XIuX55klhrcxP7GpS5lEEiu4v0GrvDcdKlsI9duHDFBW84cck0wKSxAxcH+AfMoQvzESx9vDuyuVQPJ2+XePnUnEnt0k311bySWADevDoXc5h2peFiUF1DE0/RoHkBPXp0ZwZN9okj3CDqs+nkd1BnMCWa4uOi2fMnGrePqyfvMKJgIsfJrFMoLq3AxCvHoqqyjH/v+256fWl5JXZu2wKVJLAnftdfH0JScipO52azV05dy3Q99KBaQWNjPZZ/vthVWl65WVRIbyrUxh00N/inVujNN9+sCQ9QfOWn95/AfoOPktbh2WxuY9+HQNaeI/AOnnS7nIvL6+23rFix4tdTpD+jIi4VADBpTP8PDAb/W2XGrc+2yckg8r5bW5rY0yZbS7C22ikN6+LiUHsKVSAHz9vEIcpVOhKCvEkkcQObGUg+tc9xOATeJi4zp4BpXzRNjEwAqX9Z7cuETR+ZY9OWrejarTvCQ/z5s3x1fPIh2tpM2PrtNxDcsnNKAr/3wScQExsHm9XGK5McV9qXQG7pcjCATxw/Ytu145t5W3Ye//KXVDMDwF/xlUarm+DLlDIIOMzzqnkuVnk6kEzlEJAGSLg8nlteX/jJZxeq/vm+Xcybf+m9k8cMeF2n87tXVlu+Nq4zzFsfIYI4b+3sG6uNBifCIyjYI6YpYR6XE1ZLG2wWEyXO29u56Mx94JBXrHw5VG/wKDTc7dunR2dW+/T5Zxw/2fYz5cvhxNebtuKaWTPQUFvJ4aNM5pR7EcsrKnFw/14eSkG/I8pYl249MWX6dUzSlIUvt3LJwrfzaiUg7duz/Ys9hzfdmJdH84J/+vjb32ZrlW7/NSqVapwvNPXlG3zagHIWchQis4d8+QJ4kOGU7FNef33JOe1f8HPncMkAMGXcwIfVKs3zvt075LDmjIPDBAxvBo6KHFRQoaFNZTUtmHHtDQgOC5dXqSjAbjVztawk/xTKi/OZUUt/8xEqfM90owg4pVWNCDRqvePeRO7MldV/B+9fkjjzdywzBzOnTUZRASV1zlT16LVl5eXMFHrmuVcRFBSMhW+8gKOHDyAltTOunDiNtZFP9cthqhylEAjycrNrs04cnbx557Gfnft3zz3XG7WiZr1CIQ074wT6pCzPQaN79hN7nNo8wF9eevPDDy52AV8yAEy7cuhMhUKxVBRF5dm2zdt4QSVYt4u9/sBAmrahYUDUNFkxa96t8IhK/jupbN+0DokKRY21yMzYi4KcE+RdnDU4imbwBIbFIPtUDrqmJrQ3YvpGsvlAQB4+2dRTufn8Pf17d0NpSVGHsq5M7aIRcdQc+sEny7kSdzonC8899TBTyNK69MDgYSNZC5EW4FCVs5bU2+fi0C3rZOa/V67fTruR/eSxYMECydJc8ZEAzDu7EORV82fW+9mrXxCWaG3SXQsWLrzoPYgvGQBmX5me4pHcm0VRSPLZ9DNJDF9hRbZ3FN9SrptuOu3fExQej6GjroLV7uRZPpy88T4oR0+hWEleFvZs28g8Orp5pObjktKQm1cMg1ZEoL+x/faR9vQ5fr4t5ihSOHD4OLp26wF/PyXq66ii11EDiDwmlhpDXn/7fUSSrwJg9/db8fZrz3Hdomef/khKSWPhyylroqnLqWvSDMWFpw+WFhRM2Hrg1M9uN/ePB+7q53E53rXZ7P1Je/AWON4lT1qIrpdbzWSz5BYFcY0A8d5/v7qQdkW/6OOSAWDBggVizpFdT0NwP0JZ1PamC29JuD2e9V4Cj1Rlto7AI9wMQRHo3ncI9P7BPCHcxwrmoQ4KkWcJN1SXYcu6LxAZFoLQyFgUFpUATjOCAuQ6P5kG6vrxsKaQ+XvtZkChwJ4DR2ifQphb5FjbZ/99PgDRuCqqqvD4gmdZ0HIV0Ykvl36Cbzd/zZm53n0HMplF7lGQhc/cAqeLCjlNNdWVE1dt2rP35yQVbTAEq4N0H7hcmKbzM6B79+5yWGm3o6a2lplHsRFBTIyRJMlktdmeLqw8+sYv+Rbng4pLBgAAutAg/zmRESHPB/obQkIC/aEifpf38HEDvNrBoxDFNoWk1HMASIkVytNDgaCwKETGJiMgOAy0FwCIS09DIUQBKkmBFZ9/DKNOBY/LDqXo5mGTPuHzOFnvquyoAdgJFBXYl3ECV0+5GpWleZzNOxsAAk8UrayqxJ/veYBzFsTjo3OjvY4+/XAhKivKEBUTh7j4RO8WtWeKTGS+CFR1ddW3L1+z/Wdttb9B+7BOo35W76cVPRBx5aRp6Ny5M3/esaOHseHrNQgL9OOMKF2PKAoWhSg8FZlS8PKKFbjg8M8nh0sFAJ1Skv6lUAh/Uikljc3uFFKSEzF8SH85zCPbzsMd2ae1uj2enW6X+z1REB6GgP7yNA/+v7zq3B7QJhJqnQEarR4qjY6VJDF166rKERZsYOKonH07ExHQZ1CZllZnewq4gyOYcTwH06dPQ+HpTPboO25ATbadVjMNiZoz72Z07d7LW7OX6wKHD+3D1s1fs9ZKSErhZ3nyNxW+5CITfXdzU+PLS1ZuefCnVqXBgOAAffCm0JDA/sQ1KK2sw+ixVyIlOQX1dVU4nX2UIxHa3YRqJxqdkRNClrbGOgi4ds/h/IueKXxJABAc4HejVqN618/PT0veeFF5Pa6aeDUGDhyI4sJ8bP12M7NyBEEgBb3FaXM8kVNQeujaKWMGCILnbQADaLXZHGdo0jSaxTcChgsmXFyhwZJUgTvTgs2a38usoWeK1YnG5RvS0LEOcPRkPqZNm4aSgixmBnf0AXxaiPr5pkybiS7denGe3qddaG/DTetXcb2emk15yoi3ukj7DTFwqS3N1LbM7NHP+6lkTWiArk+37t23dEpJCcnMysbJU/kYP348s401kgctTfXYd+Ag+yg6QyAmTb0OcfHxWL74PdRVFi9WBxXP376d9yq64OM3B0D35KhYl8e1Nio2sXdSQjz39lfWtWHGjFkw+ht5VXz6ySfIy29nMtOm0UcA/BXA/msnjkn1SK4nGltsMyxOhdZXYyeNQQAQ4IJS9HBmTqOieTvy5HBZMD/cv0cGADF5fbn/M5GAAqfySjB23FVoqi2VOYQdyJ0EACKL0iZVV02YjJTULnJI5j3o71mZx3DiaAYXmQKCgtqp5B2rn1a79duGNnHqunXrzD+UUlS4YeqECVNWjB8/Qbl0+Rf47rsdGDx4MHc0jx0zArU1NVixbDF0Ggldeg1B+uhxnNT6bss6nMjYs9elliZkZBRc1NCI3xwAXZIjbtTp/BbNmTdfER4WgoX//QAeKNCvXz+Z7FGUg9Onc5BfXMXTvnwrVpLErRqN7trW1tb6G24Y73fqZOXshmbzk6IgJvjm+nAzJs0Rph58AoRAYHBDq5ZHu/k4eR1NCAGO+AeEkY7Cp9CyrKoOnTr35PmD1Ip9pqtX7usjANAk0fRRY5CUknoWO4j+TjMDDx3YwyudKFv0O5/wfTxCh9NxwC54rvr88/Xt28j7gBAXGXDf0CtGvHbjTfOx+POl+Oqr1ejerTuTV667dhZPSFv80Xs89HLIyAnoP2AQm6XNX6+kYRcbg8zK6Rvz8n420XQuauG3B0BS+PMxcQkP/+nu+3jc2cOPPo7Y2DjEREcjJMiAlsYaFJeU4NDRbC7WkN01+NGMPYkuZG5NfdtXvkUWFRXVWxTFWwFhikKhiJEkSZTHuMqduUT51mgIDB4oBSevFBJsRyeQ1DLtTyiTRLxZQG9EQJ1GFqeEaVMmYNu36zn68tG62AS43UUKhbp4yNChI4lMIjuu8i2j/9N+BaQFqGBD5VrmG/oSXt4xMx6PJ9Ntt4/+aMXGH+0MmhAV9EZMbOxfr50zD4ePHsOSz5YjIiKSNcCV40YhMMCINV8thwg34lJ6YNyVE7lR5sCuLYDb/taeI4WkNS/q+K0BIHbrFLEoNa3bTdOmz0JWdg5vvdq1azeEhoZg0lVjOd+/4stV+Hbb93zifloVIsJDudhT31D7em1dy99+cEWK4ODgVIVCMVkUxasFQewtSZK+HQiSkgdC0mZPKoWLbSeZBm+akIXa1NTgnTPoNRO84xcRQ0SUVzfiyglTYGurx8kTR335BopK9nsExQPRUVGD4pNSXiU+nm+Pgo43jTqL6utrvU2ixAPw8gh9hAAI+UqFNGzhx2dX7Pr1g7KxMni53t8wfdx4av5UIuPIUTQ0yE2jffv0gEHvh282b4SfRoKo1MIjquCnVUItedBQV3fP3mOF/7ko6f/WtYB+UVE6ux7rUjt3Hz106BXYvnM3tm7bhU4pnRAXG4tbb72REx2P/PNx5tORr0aTMmbNvg4pKSn47LPFazdv/mb2zzU7BgQEBIgecQAUmCSK4liFqEiRJEnN0zqUSh7hbvTTQC06oFHLJoG+g+oOREL54UE3mkrLFoeICRMno66qhJpJLW6Pe3lzU/2TuzIKSm68duJtUVEx79OwKu8Wxe0VFPp8oogTLdyXOzjjI8h6QhCQL0L8EQASEgICBKdyo1ajHtynX38Y9HoObWUtJJsrYk/v27cPQf5+mD3nBs4tUEPN7u+3ug7s3nnjgayyz/9QAOjdOSLBA2lrQlKnpG5du4LaoWnAEvW59+vbGzdcfw0qKqrx3Isv89ZtdNG333E7unTpyqNXN2z4eveiRR9f6dtm/RcuTtTpdBEqlWqwy+WaI4riNKVSKdEqovGx4bQ5lOiATi1X/sguNzc3cU7gRyAgtFHDiaA82K3PwC/SUlMyu/bov3/y5Mlss+fPnXJzcEjoR9Q70MEDbPddaDsb5jh2KEh1jEI8AvIFl+dHAIiJCY6WIOzQqtXJNIKWzBlnLL1zBeiZO6JycqGWgD//9QH06TeII5FVX36GzV+veXB/ZvEFs4HbgXqxCOr4/l5p0dcIorg4MipOlRAfg/LKGuw5cJT5/NSTP3rUSL4golHTvL+4hE6Yf+tt7NQR4teuWbV/zdqvx5wDADp+7SiFQlyr9JoFaqOiqZ4xMdHQqzwwaCmNKsLusHFi5mz+vUxWsTkcB5SCeNPeE0VndqD0fsPtN0y72WD0/4hGyp29umV/Qd4WjrSL1zfo2CEkRyX5LqVz2A9JG4kxgT0BxTdajSaMtpTlMJXTvb7JqHK3UVlFNTu6c2+4BSPSx7GJochjycf/PdjU1Db9WG5Z+cXI8DfzARISEjT+Wten8GA2sWbCQ4OZyEHULJvdhXDa189oQGZmFnJPZXHSpFvvAZg+YxbfyIqKChw5fHDv6jVfU2n0lztAzr7iXgpR2CgpFJE0LpbHzIsCh2YR4eHQqTzw1xMXUN5kisJCLrHSDiNOFyw2x/5Wk/UvBaV1P9lgeedNs27U6rSfUL1CrjifcQLpZ3IyKafR7h7+IBT1iEKu4HCNeOODpWdtcR4fHTJKIWCdSq3yo51ROMVNfgkBwNtqRj83NrdBEjw8H2nU2Kvav2/F0k89mZnH/nUku3wBUS4uFAS/GQB6pMZMUIhY6nC6/Wk3DRqmIM/FlefoKCR5syTSAMT9czhcCI9JZPtP9pmYNA11dVuWr1g5FcC59YHLV61UKBTXSAqBqo89lJIYo5QUGsqcUWhI6WIaH09FFSVN8vAOkRYFtNgczhVWq/u5zLzSnx3E/Ofbrp2hVCiXScRA8WUcvNwDLtETkOxkWmTj3bE9zFum3ilZFZNeXLTorAGHidFBswRBXCZJCoVc6JJX/FnP1IPQZoFSIfK2d1eMGM1ZRjqoerl+3aqayvLya07kVV3wBlO/CQA6d44OVnqEz0UB46mNKzTIwGqdc+sceskTsgVRQlFRCaxWEyipRtW++IQUpHVOYw2Rm5uzbO3XYXKSTwAAFqFJREFUG2/w7sR9vqBWaTSaSK1S7CFJwlBJIQ2QJDFZkhShSoWopvYwSSE6lZKiUpLEXaIkfa42Onds3170i2D7y21zRosKcY1CVOg78g+8Lp5ccPL1+nfoDTzDURDeeuU/i34UriVEh9ypUIjv0tBpOjcWvncvYt/PBIaaukaIgpt3Tx8w6AoGgK/PoCA/Dzt2bF1Tfbryhpy6uvOfoPkbRQFC905RD4ii+JzL7ZFo1ItBp5JLpFyJo2+Rq3BOlwc1tfUcCtJ4GOrcocFNAwcN4eJP1snMN77bvuu+85X8T7xeiIqK0ipdpnBJoY4S1EKQUlQoVJLQLAjKQoVfcHlGRsaPPcKf+KC/3DGnsyQqvoMgRP7E6j4rIvghQYVIoW7RM+vl1xb9aJBTfHTQ/Rq15pWYmFg5icUMJ6/99wKBToda54gxPXLkqPYpIaTxaRMMSgodPXrYnHHo4LzM3LJVF3LfLloDdE6JHqIQPF+IohCj0RoRHRkKuJ2cf6dyKu25R7aWQqg2C3HnaC8kD3r06sMz+IhEMWDgYKZ4n8w88eDBjKMX7dleyI34ufcQa0fpUq6F4Bn5cwD4YQbSl4kEhMUaf/sdCxZ8/CMtQwAIMAa80rlLV0hKOZ3dvhu5l+5mtVlx8NARGHUShg1PR1xComwCvFvP83YzjU3Yt3fnqvKDWXOLzs90ypHMxdysbjExQW61a4lCFCZQhS41NY2zenarDWYCAO+GJQOBHg1NrVDSxQoixl81CTk5p9DQ0Ig+ffuRNnBmZp287tSp0ysv5pwuxXsfuGf+AyLwIp241/z7Yvyznzs4iQBOuj3ua1947f2TP3VOsZEB90dFRr/Sf8BAL3NJjipkLUDhoMh7FdGGkrSXwqChw3mjKh9lnIRPjjQRZrKzTlbm5mSNyytp+Mnv+qV7clEA6JwYfo8oiq8qJEnq3LUnknn2np0TGD4NQECgn+vqGlFdWwdJBIwBgZg0eRr27NnNmz516doNTU0tjcczj46vrPxpb/xSCPZcP3PBA3eE2DzCm4BnFjmdZ1Z8eyf32WEgUOkBbn/25Xd+dsZ/TLj/bZ1S094n1U6w8iWtfKlosv87d+1Bfk4mZ0ppujjvleztDKbogzQrAaGystJ5Kjv7+qy88vMeKX/BAEhKiopTwr1eIaB7VGwiRqanQy0puNpHdCmf4H1AoC7gpsY6dpY7d+2G/gMHY8f27WhqakZScgpqa2tzjh7PHGOxWC4qrj1XoZ7H64SgIG2MVmuYFBMZeV9YaEia0ajnJhEa6kjDoiiMo8NL6S4D8MCzL7+7okOL4I++LjrEMLlbjx4rJ189XcVVSG8Zm57lIRktoE0lXNZmRMfEIKVTmpxs8lLGyb+SOYguuV8y//SjmadKnjuP67o4E5CSEH6fJOIVPz+DOHnaLCTExXB3DD0sVnnV04O0QXVNHQ4ePMibLlMoOHTYCO5137lzBzuCUVExqKys2JCZlTPzPEPA873e83p9ejqkotPB89rMtofUKmWKB5AiouKFESNG8naytNEj8QGoNE07jgYE+h9UKtQPPvPSW1To+MWJhtGhfr2j4xK23HzzbaEhoaEy14C2rxFFXkSrVq9BxoE9zG6m4VohoWFcjpZXLPVWuFn9kxZobTWhuLjotZO5pfef1wVeqA/QOTo62KN0rhNEYcjI0VdiwsSJcPN2JzYeqWLxmgCrhX628NAF6psj9RURFYNevfsyG5hGv9OF+AcEorSs7JXS0vK/n+8FXMrXJ8WHTrRaHUv89brA4ECDTAdrc+K6uTdxRxBJ49DBg1iyZDESokNoN9ONLS3N92YX1J7+tfOKjjYEaxSaTYMGD+0/ZtwE3paONAhR0L7ZsgVHDu3naIp2SY2NT2hX/3IeiuYoubmvgQBA7W0VFeUfZOdV3PFrwPvheV2QCegUHzIJgvhFVHSs7t6/PcQt2DROhdW/1So/LFaQF1tRUYmvvloJcyt13Ujo1qMX99eR+tq/bx9PAFFISnd5aekt9U0tn/7ajfsd/y7ER4W8pzf43UajXd1OB04XlsLPGIopV1/NAmltbsSJY4eQc+oUjHo5l+9245Dg9tyVWVD5q6PbkmNCXoIg/J18IqN/IId1xE62W9vgp1NzVpM2uwgJCW0vbvrGCPGeww7yA5wwmWhwVd272QWVd53v/bkQAAgpiWFvKSDePXnqTMyYObudT08pVpv9jBYgEKzfsB67v9/GwKSmjeSUVKZo26x2HDx0kOngNpujtqq84kqzw0HMoD/EQZXNBsGxeuDgQeNSkpNw7PgJfLNtN0j9p6R04lC3siQXpWWlaGxshsFPw6RRqi4CnoOSAnOz8mvzfuliUuJD+no8wgoBSKL7QxqGs5XEXvZuokkNKdQh5QswfALzfRdlVHkT7KbW508VVT5yvjfvvAGQnBweJro8W/z9A3rdede9SE5J4hZr3z45ZPh8c/tPZZ/CwrffZCKoqJCQmJTC42EpDGxpaUVmZiZ37TY3teypqW+YCOCi6E3ne/G/9PpuoaF6j79q7byb5o+iHUMXvvse9h/I4CESVGcgIqokuHnAtc3cInMTRRXSuvXi+UHlxYXP55XV/ppAhJSEkJFup/s14jm0C5/TwmAtQ7OL5Alk3jIEk2XpHnt9AIeLN782W6x/yS2sIj7leR3nDYCUhIh0Ee61sXEJhptuuY3LuJxn550y5Fn5BAiKAha+/R8cObSXkR0QFMJZPwHy7L7amlrePYt2025qbHqp1WR56LzO/BK/OCEBGqM6fuWtd9w1sUvX7nj40cdQXFyCXr16s9c/buxI7lv8aNEHkAQnnG4Bw0ZNwNhx41FbU423Xnv+iMvcPD63ovUX5/gGahHXtVe/1XFxcX3yck+hsaGOwUS1DLqvBAKZD+lrWpGBwABwkBlwwmq3me0O59TcgurzHh1/3gBIjQ97QBCFl6OjYzDr2rnyFqrezRLlTRRUHJuuXr0a277ZCNoKTqFQ8m4XEjVueuTW77KyMk4CCYJobmlrnWmzOTddYpme78eLfbolLJl1zdw5kVGxeOpfz6GlpY0p27RzyJ13zEd5eRk+en8hFIIHIZHxmDH7ev4bVRzfeeuVBlNby5U/V2X0nUxsRMjjU2fMePqKYSPw2eKPcejgAa4NEADoQVNKCRA0+IqeKW1M5sGnAbwgyLZDGJ+XV04h6Hkd5wWAdECqTAj/RKEQ59IWrL37DkKv3r0R4G/0DoCWeMjj9u3bcWj/bu7mJY4cOTjUSCnHRTLRgVYTRQtOl+tgS6uZ1P8FT7w+rys+jxcP6Nnp43FXTbiJnLA33n4PDQ3NzGyikTS33jIP2dlZ+HbTWvbeew8YgfQx43il0v4/y5cscrpc7usKymp+NrPp54fw6MjYzcOHp/cis7Jp49deerqcGKKwb9SYcRg3/krs+O5bHDq4H/A4YPDTcthIRBbyAZwu939O5lXceyFl4fMCAKV+XUrnt5Ik9iF0kl33DwzxtnJrab97Hn/W0lgvqym3G5JSzRM15BSG/KABD6WlZawp7A7nk1ar/enzkMvv8tIUQB3Up9OKK4aOmBIaFsbTRvfsy+DEC+0ZcPONc3Dk8GFkHj3IIdnAYWMxMn00by2zeeNa3pquuaXpzwWl9T87xDHEoE7zDwndlpiYGEnhM1Hofbbe1y3cqVMq5s67kbetramuQnV1Jfbu3Ia6mgquqDqcrmK30zXzRH5lxoXcmPMCQEpKRCiVfSWFMFqSFCI7Ld42LrtDngFIB/U3ciXQAx7PQpVA+h0JnzQAJX+o783lclfYne6JDofj2IWc/KV8T+eEiITAoIAtvfv07WQw6HnrWXK26huamT6elJiAXbv2oLqyBOER0TDZ3Bg19krkZJ/kjamioqKwYcPaxwtL6//1c+cZFQWd5A55Uu9vnOZwOJStrS1uUYCfIAghgiBwH52fTod+/QdwtjQxKRnlZaVY+cXSarjsS5RKpcHpdG04mlO69nzjf985nRcA6E1d46P6aA2alaIgJHo8TrZTslMiJydoVZN9ogeRQejBwuexJjIIWppbQOPTXW73+1ab488XWP+/lPJH5+TIO0NDgt9OSkxSUBhGLGS5q4hsMO31I+DgoQy0tTTgvr8/ivVff41TOTmIj4vFvBtuQklpCd59+83nCkprH/2VE1XGh4SE2JVOlWAT3W4VjCLcAwUI80UBgxWiQqJhFCHB8i5iZWWlBaaW5scKKhqXe4V+jnuo/PRZnDcABvXtdsegQUPeUqnVqrLSYu7Po7l/bhf138n23bf6Bd7gQBZ8OwjcHt6M0Wq11ngETLVYHN7R2ZdUnuf14RTqakXFmtCwsMFB7OTKAyZkgou8czkBIPNkNrenv/b2BwgICELOqSze4JF2E6Eq3htvvPyf3PyKe87ry70vjojQh6oE1XR4PJNEhSJeUijMTo9rn+B2flJY3nT8Qlf8D8/lvAAQFuYXPnLo8HX9Bgwe0FBfz0OSqXGTHL36unomR9L2LmQa6Aax4Pnv3jlBZBood91mgsPlfNticRD546J62y7k5v7ae1ITw2/XqFVvBwYEKKnplLqayYzJdX45HKNryisoglop4tW33ucJIkQPZzdXFInbgIVvv/5OZnYRabgLPrp1g6qpyWCw2dT2uro64kpeMP/vp07ivADQq2vS/PRRY/4bHhEp7duzC8ePHWUA0NaptN06kTpoPz+P28FbtFJViwHCY2JlEHDcarGdsrs8M+x2e/YF35lL9Ebyc0QX1mrVysFU6aNhFARoakuX87Hyg0xceUU1QkOC8Mpb7/GsYdriztcf8P/au/bYpqow/t1H23V1k0G3DjbajrFNmGywCSLI5CUahIjvV+Yz8RE1xj80SIzi+xE1JhoxUROjRpSXBFCcyER0AkOQPdgY3da1o6V70E1K1229vdd837kFjGJoV8Ykt/80y3rvbc/3O+d853v8fliu9clHH676o94xJACco5958raxACB5/pwZa8uumrcYOWq3b6uAY36/mpRAalOgKB8mdnCGo16PKQm19UTyD4gdjEKl4YAUlh4N9oc/P9c/Lp77T7RmlIs64eMkvU6PhtfrmACUKtNDt8TVTZJkEoEoyM+D199+H1pbm08qmCLwXW1teK6/cACQnZ6ad8Xs2ZVFxdOyDzcdgt27qmjGo9OHGSk8jyIIxlttMC4rmzx9p7MFBvpOAJZr4wFBish+KSK/HgiG3gWAs6rJi8eI8V5TUGBOkUP8umSTcVFKiolOOCjigWdu3LqItEKVmA0NhCEQ6IMFCxfA408uh5oD+0hPILoFtLvdsH7NV6sONDRfGCvA+IyLc6fPuHxbttWac7C+FlpbWtjsR+Pj4EgsEYLh3qLiqdShg8thXV0dNDU2dIki957AcT/1BEJ7RqLx0XATrJYFogAbMi2WVJSJxXg8unus+kYCidKvjAYGy9tQ5PrBhx6BsnkL4cAf+xiTJ8XseWh3u2DTpm9WNTS5LgwAoJTflMn2JQadYWnwRKAk1D9QIEmRZAYABgQEADpDV84po/o1ZO+srq4OOByO5bIsf5hoBybemX6m63Kt6e8mJRmewNpGk5Gld5HWnq1yDABEABUOg9PtpYaNF155k26Hqx2dDrA9gOdoC6jY+u0qR9vRCwYA0XHjcy0Wc1gIF0vhSKkUkc2DYalEishlg2FJ0OkMMK1kGg6G4nA42nw+HwZCcL8fcUv+6UCYZDOPHVS4inSzeUpRcTHl4pGVhJZ/LMBUZz+2maOO8MHGJphgy4YXX3uHjnys+RRdKsZc0tLSDL/+XPlWS3v3v9LDJBq88d4vFifwjM8wmUwWRRlcGg7LUyMRJU0QBCkSiTTIsrwZANDTH1KwIt4fF8t1E3MyFkFE+eaSSZOSL51SBBzJy6HzGpWkV9+xf+HQYXC7nLBkyVK45fZyqNi6ReX5VdV+OA4ONTbA/v17l7u9PW/E8j2G+7MJAcBpX5pqGtW/h8xgNZyDkWezPMvz3Etlc+eRkglQCxbb/xkHIJOWw4xg5Y6dwMn98NQzz6uEUdW07J9+UqivrVWaHU33un29I6nK6R9DmmgADKfNEvaswsJC/cCJrq8Nev2yG266FbKysojJDHMbpwCAukcy1NTWw57dv8HECXZYsfJVqPhuC/j9jAdSZXkHJImqq60Jer2e6z0df8Yt6piwH/gfN9IAAAB2e3qmqHA/GpOSCsvvuR+wXUuWpZP7P4lMyTKVsK9bvwGO+31w8213Qen0mbBp4zpa9xnBJ+MQwZbxg/W1nl5/z3xPd+DwcBgy3mdoAACAXKu5VOCEbXqDmHbbHeVQUjr9b7JyTO00CFu+3UoSbunmNHhqxUrYu3sXBYDQ6WPcQMwMGBFsdjT9Jh8fXNyKBYMj+KUBAADybBk3Aset1om83mbLgYXXLIHCwsmUfcP8vsfjgYoffoAD+/cSB9GcuQtg5qwy2LxxvSo5z5pCEAR4EsCcgOeI52OXtzvmMu3hxooGAFwBbOmPiTz/HoZ+sXfRaLwIMrPsJBDx5/Hj4GxtJjkZo0EEZCS/+4GHSTLW6/FQXiBq/CgpdkeHT+nt6X3IfdT/0XAbNNbnaQAAgInWjOdEkX8B4/4U/xcZ3RuGt3Hvp4JMZBiRIlA0tQRycvNhV9VOVuGkLv0kjIXVukgv29nRNTAQusbl7R0xZe5nAoYGAARAjuUVHc+vQACg8VkHM0exfZbuRqlZFHIWYf7V12I3LpFORb3+U0zoQM0wPT09lYZ+WBYvaUOss3gon9cAAAAF9rEPiyL3gV4ncAgCrMolz15N/CAI8Dg4LstKItNNjQ0025kWUrTWgTmB6Cz294dWtHmOxdyoORRDxnutBgAAwDCwqDc8zfFwr8Bzo5hABdMNYgUtzLj5l0wmeXkklmaVTur/1M+QBnEo1BkOy4vdR7vjKtKM15DxXqcBQB05pG0zmzO2zppdNg7Dvw31daQHgKlsBAQyeKPKGbKZRZ0+2vdVELBSuAgyoKwRjd3/KRYVr7HOxXUaANRRnWAds3z2rKteu+HmWyE1dRSsX7uaYvysBAwgmh5G7YGTsz+6OqjvkiQFQYY7nd5urNL9X7w0AAAAtmqPSRm9ee78q6/IzcuniN5XX34OHT4fJfjQ4FjfQKqnwQAViJIPQOVubBsgYWxQNpoG+PKDXV1DFnMaLvRoAMBCkCzzdWPSx6wtnlpixHqGrq5OqPrlZ6r7w8MdGnnZjbdAyWUzYMf2bbBndxVJ39KLyblGFEXZpyjcIy5v9/7hMl4inqMBAI+B49PfTxs9+tGs7PFwUUoKHGl3U0VPVM0TYwGl0y+HO+66G1JTUqHpUCPs+70asDayzel0dnYcXakX+Mpmjz/m3rxEGHEo99AAAMDl2SyfGI3G+1D2JdmYDB2dPjgRYKt41MlLSxtNih0o2YKNsRgldLU54YvPPn15x697nvs/1Dz8G1A0AFAkMHOyIMLjOlE/U6/X2YJ9fRdLksRHpe1wj8euZ2zNslgyqe4RpVtqamu+r9q+84Huvj7vUGbh+bxWA8Cp0Rfyx6WkgWDKUThllgLydbKiXKYoMEpRFJKyS0oy0hZhTDb19feFvmx2tbzo94cSIuB4vkCgAeAMI48MIUF95FIAfiaAUqQo3FgFFF7guXZJVrYo3mMVRwBC58twiXquBoCzG0nObrcbBgcHea/Xi7SvCW3POruvcG4+9ReaNc73gaa5WwAAAABJRU5ErkJggg==','#3','2017-03-13 14:25:45'),(10,17,3,1,1,'Третья запись','Spring spring и ты программист','data:image/png;base64,iVBORw0KGgoAAAANSUhEUgAAAIAAAACACAYAAADDPmHLAAAgAElEQVR4Xu1dB5hVxfX/zZ3bXtveF5beREXEFoKIiqIo1qAGlURNsJsYkyhqDLYkGiP2iMa/xhgLoFixl8QKVnqHZVlg++7r79b5f+e+B6JBWdxlWZYdvvftsu/O3HvP+c3MmVMZdnP7TIxQ+qKvX4cvyMGzDSBHhigBWA8B/2CG7IFqcrPGI1X3IxqbywbMi+zmR+5St2cd+TbhhlMOgeIe62hmlqwF8gClTIJWyOALMOhBBikbEAEOcAkCAioEglDia4BUGBDuQkiYDZGYzQreWtaRz95V79WhAEhsmFxuCPcaRWWXBHJUySE2yxoYfBDwwQX32C4AMNCjcTDHhhqpBJgAZAFwFzDMFrjuu4D7JOT4Oyz79aZdwSDxp/6FyM9uwZTPbawcVgY17MCWm9mA1cauuN/uGLNDAbDlBRtWXHC0IuM2v983Qkg+gOuQND+EzCG4DZc7gEQwkMHNFsjxWoDpHiy8D32nuIBtA5a7Alw8B2HNRO6TCxg8/Ox0E2KEguXmYLCsStyZSmGf4N2QpBFoShzDps2LiNWj/wm4+8JMnoi70IAe4YFoTq1l06uTO32zTtRhtwCA3n/9wkm5Ib92jaZql+m+kN8RAXACgqQCEoOQBFwu4MQXgttRMNkPxjUwpgKMA5AAxggjtFAAKSsGuB/CNp6CK15nRY/VtIbOYmp5Pv68sRlrj7gZTD8f3B3BKt7cVH//SWc3JcVPjnlwzfV5wYAy/YayEwb05azHAc/dIu4fE0TK+AhG4jOYCy5i02C25l6d8ZrdBoCtq8HK88dqqnK7z+8f7goFjCngXAWTNAhhIdH4XwghPGDQ35isQeIaJO8n/Y1WBAYmcUCVANsEzHglmPEsUtXPYMZ/PmfT4H6b+GIK/AgGb0NWYQU25f0kfH3PivUrG/921E8+ejyWlEu47nfOH8qPeH2dPa/e1FvOOkE7qL4R1otv1K+WXKN62c2jT+qTLc1gl779qVg1bDhso4oNWd7YGZn8fc+02wFAD9eyflKu6/iu1RX1ElVT/bYtQZZ1OPZGpBo/AKNtgmY+aPZr6Y+kpwHhfRRIXAbjHJLkQFEMQElBJKuSEM0fuY77FFeNV1nhhk1biCGmQYZVcP4GVnxkxS1rHgFSPSadkrffyENLrcumLrlTTBvThCL5PbhYiN6112G/nm+Csfms4pVrbzp58JVfVTUOeu7L+qcBvCfWHPoohFUAPXEKbgpE2EOfW99HdLHA1wOM7QcbC9iBCe+ZNszs4SsM5R6pieTbbHzHyRidAgBbiFW7cvJYv6r+RdflEY5QkWr+EHZ8ORin/V8GmAzG6KfifSSJwKB74PC2Bkn2pAQIE0LEwaUIdM0EV2wYqZY6RYm+5DrubBn4hPWBH9CGXTHSd3ZNTMyZuTD8qlj348lg1t1woqfiNv976OveDMirMUp7BSWYCM5czI59Atn3ugt2F7/yw+dLCuSTbr+2x6Hnnlp0F1D3HzyVNQVMDEXUnoYLjCAcI4AsexXucE6GKh2OCHsAV7rjYanXwccPOLJXVdVLrx4wSufuzY4rDmWue4A2fsnSjlpJOhUA6KWb1/08RzjStYrsXmo2vuC3zZb07AaD40pwhfcRgGSDyTZL/zQZuAFGH2YBliVcy4Lr2Iw5tswdU+YpW+a2Leuo/898VF79JzQtWI7nxXVFv4OsHoamxARcnN0XzC2AJn3I+q6r3R4TxNV9s6GII6BYHJPskrAd/MnwceufWVdlkTQyf/3UfU7vmacNZY32zzDFngSJTYNqjsPdbilCyvRP10SP/tVyI3DpWVk3/uqmpvf6F9nay7f1K8/1IWjbrskcPKiduLjDjridDgBbiF63ZNzhVst7BzimEQVAkrbBgBRkpBxXNpnDDE1jhstgO2A2dw1TtmDqflg2h20qsIv9sFENB2PgMPaN00GBLOPiQTZuW/wr7SJoPgWu9i92R21dq2eegCSWhm4F2BjsEzmcMX9RXlD8+KT+8tnPrki+HzWl2lPGBotHH6b/+Dc31j1UFBBFx/blY55YZH4JKMlrLskefPihQeuEn1XeDCDR6vu284WdFgDt/J7bG+40DugO8GRb7iW+wkA8j9VoRBDBvIdd2Qd+c/gywCy67+bii79cnFr+yDP1X114cF75r0dl/7bGEBOOfKCyRqzo+2dIqSmINZ/Ehic/bMsztKXv3gyAAIA/APgrgDZL7+ISBKGqvwKTerDpqYvF4vxDIOsfAuw6Nrj6dnFD7wuhyb9FKnkdu3njTLEk/1AgZaA5voaNAq1yu6XtzQAggh8JYCCAGe1FfXE5NHYvDLEqWIiEexhkZrGh8dfEtLws1FsKAprJbm/YbQz/9nvu7QCg978VwEMAKtsLBHvSOHs7AIhXBwMYDeBvexLj2utZuwGQpuRNAEip02Hn7/ZiYFvH6QZAmoJDAPwksx38j9q4rUTuzP27AfA1d64B8A4pczozw9r72boB8DVFewH4BYBpAJz2JnRnHa8bAN/kzBUAlgB4u7MyrL2fqxsA36RoAYDfZlaBVHsTuzOO1w2A/+XKBQA2A5jbGRnW3s/UDYD/pWgugGszR8NOo7Frb8ZvGa8bANun7Blp7xM8sasI31nG7QbA9jmhAbgFwJ2Z7aCz8Kvdn6MbAN9N0lEADu3qKuJuAHz/nCKdwHMAFrb71OskA3YD4PsZ0R/Az7qycqgbADueiV1aOdQNgB0DoBDAVQBuAPbcAJDves1uAOwYAHTFRQDWAXi9dZfvOVd1A6B1vMoHcHVGFthtHryte9Sdu6obAK2n19kAbADPtL5L57+yGwCt55E/ox7+E4BdEo7e+kdpvyu7AbBztDwVQA6AR3euW+e9uhsAO8cbClIk/8E7ALQ+imjn7tGhV3cDYOfJPQ5ATwD/2Pmuna9HNwB2nidkJSRDUZdYBboBsPMAoB5HA9gHwL0/rHvn6dUNgB/GC6IbRfX+G0CHhXL/sEf9/l7dAPjhVB2aiSUgIOyxsQTdAPjhAKCevwfwAYCP2jbM7uvdDYC20b4cwGUZQ9H35gVq2212Xe9uALSdtmQoWg/g1bYP1fEjdAOg7TQnL+LrAfwRQKztw3XsCN0AaB96n5ZREf9f+wzXcaN0A6B9aK1kIovvA1DVPkN2zCjdAGg/Oh+WSTnz5/YbcteP1A2A9qUxOY3Mo+yh7TvsrhutGwDtS1vyHLouk30s3r5D75rRugHQ/nSdCCAEYI8QCLsB0P4A2GItpMxjq9t/+PYdsRsA36KnmDmRvzXq3w9AEuvGFr/w13fqTj3ax90qR/ABPs4XHJTHWiPlHwBgQsZg1L4ca+fRugEAYMy0mcGKPqVlUKT8PEXSjhi+z+NKMKunT1j3GQJjJMYDMkc+HPfvY0sVyiXUmkYh5pRphITCTtv2WgCcNv210lCv4qPUQPDYoF87TNf1UkVmqm2mUKZJfEBetkzFKeAlo5ZliQqUCLfBz8SFo4plihfcUaOcQ7/O5BrotGVl9joAiHA474aFzZdsttmUQHZWz+yQHwHmgrkuOBOQXQdmPIos5qAsGIBPVcE5hyUYUlSrQOJuiLt/RZF8/ZGMkZv49zVyJadQ804rEO5tAJj0zptvTA0feMy+71VHocGlajOQGYPCBBTOoFL5GcuEnUpAdixonKW/lyT4ZQ6fPwuarhvZPuXgkXls0Q4AQALhdbl995s94S9Ph+vff7v21Xuv6FQVx/YWANCx7I6DDzpoyiuvvYZnwn6sjZqwhYDtCnDXgWxb8MkSNJlDURVw4UJ2bcjCAVwbjitgOzYCqo48v94cdKURJw3OoXCx722HXXD1BJnj4QPOudRnG+ai+ObNV/1r8uGdRi7o8gAQQshLliy5f9nSpVPGHDEam32FeHh1GAYklAQ0HJzNka8AGyIpzG9MAa4LnUtQdA0yBDQJmVUgzWcCTMyV3M1rq/547wn7knPod7bJ//zvISWDB86Sky0VvlAO7GAO6qs2LAovWzXq31eM7xQVULsUADY+36+naYnT+0xce9cWrgghKPnjw/T/TQYwfXkLGm2GnkhgZHwtSgMaAsEg+g0ajHkNSTy2JgLFcRAMBSBLtPwDPi7BR+VMabvwStpx1DVHo5XLVx/xyE9Hfrk9BEz808zCssNGvFveu+dQLdHiOY1FuIb6xnBj3aJlw5++dNyGHa0eHfF9lwLAptm9B2tZeZ9bcsktJUfN/fPHy0Tv/ftjviujcHmzjec3xlGbEhiSp2PNvVPxzGOPQvX5MXXqVFx++eVeTZmbFzViXdhAVtCHAJe82U9ygi4x+DjJCswDgqHoqFxdOfOOo/qfRWWqvs2sC19YeHPZ4AHXh5gNORWHmUgiroWwae3qR2ecfugF6VKou791KQB8OR05PYcesjC3ZEjPcEPVjDnWJDNQMfxyN7IOn0g/gsODkOHg1wNDuPa8SXhq1mwMHjwYc+fORZ8+feAIgVsWNaEy6UJTZI/pQZkEQEZlKhGQJeg8LTQ6TEJtOGFsWr7yqId/OvIbPoETr56RXX78MfNKepQN0l0L3LEQj0ZQ1xQWr9829Ykl786lXISdwoWsSwHgiycq9ikKheYVlg8Kqr58RKN1cJK10JwIZgTuwVL1UJRZjfjjiDJs2LQZ77//PsaOHYvi4mJvKi5vSeLOFVGAUwFLrx4lfBKDX5a8rUCTGAIyg05LALn/cA2VK9fed++xgy7fdi6f//i7owoGDvxPYV625JOEN9djpoWmaCLx2p+ueXDBi098jjbWKmqvtaNLAeCDR3qWlWT7v8wOZRWF8vuCqzkQbgrMiuBf7CJ84B6GUrMBU/cvQCCU9TUNXQdx08L05WGsMThUmWrRphtntArAEwwJBAHOEFQkr1ptkqtYX7Xx47+N7nP4tgmmL5o1/+yiQQOeyPUp8DEBWwBxW6AxEnfCVZvHzZh44EgAT3UGW0GXAgAxbMm/BzxRUqCfbbkKsnLKwPVcKHAw1xqHF6XTkArX4ecVGo4oz4ErcVCZ+sakhcfWRrEwJuAPUBT4N8lCM97bClh69mcrEhQJsCQZ6zc3rPryg3eGv/G7yVvNv5e/uuSKwt4Vd2fJgMYARwBR20FzLIV4Xf2E+0/Ybw2AkwDc1l4z+YeO0+UA8NFDvUYW5wfezfJz1aVq87KOoF9Hs5uLO7S70Gj7oRoxjC1UUKzL2JRy8GmLjVpHhk/XIclU//GbjSR/AgDJBCQDZCmS97vJODbWNdetXbh0/6d+OXZroclfv7b8psK+vf4QYPbXALAcRG2gYcPGXz10wtB7MlHGj2Q8in8o/9rcr8sBgCgy76Hedxbnqb9WVYUR86ji68fyCXgl+yo4XIZtWTBME8x14IJBUVWoKhWi/nrp35ayJAsEZQl+vh0ANDTXL1u+ethz546mBNNeu+z1ZfeU9utzecC1PD0ChQ1FTRdRl6G+suq+h07cl2SGMQAGA3iwzVxswwBdEgBn/u2RYcPy1n08GF/6bKhY7T8Ca4pOhhwIpUvT0xIvXIjMQYyRxEef72hbAED7Px0LaQUgxppMRnVtY+3yLxfvP+ficVvzBVz+xvK7i/v0vsIvLPgyAIhZLqIOI0XQ3Bnjh56QsRGQKznVLWxuAw/b1LVLAuCMf7w9WuQXvi3spExMVgI58GcHIWtk3aMD3c41AkCIVgCZeacCAgDJAClJQdWGzUtmPfLYQZWPTdtaX+DS11bcUNir/MYsLjyhkbaiCG0BLkPDhur5Dx73x5HALKpKMhkAbR27LftYlwTAWY++O0YpK33TdR2ZlnVZ90Hx+b9zid8RHOjUR0wnRRAxlH4nwiW4isp1G96868h+lDRiq2LnktdWXJZTVnxvrsYRoqODtwXYaDEdNNU1bq5dvGjEc1eeTlvGIAAnA7h9R8+wq77vkgA48x+v76v1qJgHWfbT0i6rOriqgfHt7/E7Ii4pgrJo9nOGkCKlZzXpASRPD3DvfeMGUTbRre0Xsz4/LadvxbN5AR2hjAo5ZlhoSpoIt0TiTWvWjn7mwuO+AEDxBJSAklTXbS5fu6P32N73XRIAE+9/pUTv1WuR5PcVuLYDrungigquyDu9BRCBfDJD0LMHEADSpwFTMNSnHHf5strTnpk44IVtiXveU/NHZvereD8n6JeySH0sAQSA5qSBlnDUaVmz9piZFx73bqYP5SLeBODNH8LAtvbpkgAYMWWGss/4Qz/guTmHOIYBJsvgigauKN4qwHZCDiBFEGn/aNaTDEDLP0kRMcFRt2l9/Jj4DY8VBQ3ZNMLLVldXv3zWz1ev+fmLiw/OKsz/JCcrKIW48GwHcctBcyKFaDjqhtetHTdzynFvZZhHNQtPzAiDbeXnTvfvkgAgKkx6at61ennZrVYqndhTohVA1SARACQJUgYE3olgW1vONqcB+pUcRAgAJPyRLoCOg5YQqE3J2M+YjYm9PwX0PjAT69BUX13bUrv2mhtqnoj1HFg6K6Sn7QkEAJIBwokUYpGYiK5fN27WL8dtmfHkNLKlinmHm4i7LAAmznipwt+j73z4fMWubYGBQVJVSLLiAcD7MDoSfrPRdYzTHP/aCkgznxhJNgEf5zCZhpqmFgQXT8amhi9xQEk+zh4zAoEcBZtXLWm6vfL6RcqAI44ISDaUDIUjKRNRw0IyEnWjq9YeO/uy47ctTUd6gY8BfLbTU7iNHbosAIgu5zwz749aefk0MxlPT3Iy5coymExKHwIAtuoCttCRQEHaQDo90PdbzMC6rCIga7DNelTWvYela57Fgg+fx0EFufjDiSdizAG90NQ4H/+3NN+pzL2Vh7KzoUvCsxlYrou4YSJuOkhEwnZ05bqxc64Y/59teEenCEpA2eFpaLs0AC64c2aeO3DIe1JOzn5m4uscz4zLW7eCtAJoGyQQADjfulIoXIUiyYhHFqG2bg5qG99Ac3Q1Wow4zswtx01HDUdO8RBs2FiJh5cqqMyfiqKCHtCZ7RmSCHhJ20bCsGDYDsxYNBVdtuqoOVdOoBm/pVFhCspCSkqhDm1dGgBEyXMf/+8R/h7lLzmKEjKS3/TOplWAAED/PFGAfmcSJFmFqgXAuIZIZAlWVd6Fuua5sFItUDU/tDwNjt/GmKIs/KqwL9ZsCmJu8wiYJb9ATnYeNMlC2qLAvNmfMC2krIxfYSQcDi9dOfKF356ybaVyMk1SwUrKQrojT+N2BUiXBwBR6+dPf3BasKTiQVfRCpPJGGx3C429fWErQRkjh9AAyCTQ0PIxNta/gLqWV2A4DeCmD4GSIFjAQKoGCCqDEcoajr55h4Orw6FnV8CnkA+h6+37NKrrCiQdB0nThuWQ6lnAaGluii9ddcjzvz+VLIJbd55MUCm5rm01KrUrp79jsL0CABgKdZ/zhswbOOBnB5TlkeItB6YjPAbRGp0WBulfEpHEIlTWPIKa5jfhOiaYRc6hKrL6+2E4MfBN+2DfIX9BbuEwcMnnOQpyRsKe450YSPEnCcAVLkzbQYKWfe9eroeK5MZNy2JLvzjopWkXfrvuACmTyLOoQwXBvQIAhTcpwzXOPmEy1KC/F3KD+8OvDwCXs7w92rLCiMZXIBpfhVhircd4Dh2yrkDLU6EXy4g1RCDqCjHykLkI5vWFYye8453K0k4jZC9QpQzzXQeG4yBlux7zSekvHBuSxBGrXPvsM2eP+sl2JuQpmfPoN5RKu3oV6PIAGDPmXdn4/W9muLzlfKtOwIymYBopOJYDJ+5CorgdT0/AIWsqVJ8GxUdIUcCDHFBdpFIp1K+swYCcv2DgvpfDtmPeEk+WQS+QhPp73kMCjuvCtGwYXhxBhvlkeXQovsBFeOWKS5+bMu6B7TB2GACqVXj/rmb6tuN3aQCcPv2tvoGBZXduzrr6ZDmwAbKtw7Edb3m2ky5StSb0UsVbBejsz0lpwzlkrkDmdBRkSLAYNq/ZjKaVBkYd9jaCuX0h3LQ/JzGfZj1BwBUCrmPDcRxYrvAsgGQv8DYZx/a2GaO+oS6yYuXBL11zxvYijHtkrINUkKLDWpcFwMQHXh0UGjj4Ob04f59VkYnw6U2QmS+jDxCwo44HAlreZaGAU9yfdxAgSx+dBhhsYSHihFG9dj1S6wtx+Mg3IWt+CJHODOvNelr7hYDj2HAdAtc3fcSF63p/50xCZNWqv8y64Mip38HdIAD67saOrE7WJQFw6t+fKyoYMGxudnn5CMewsSpyNVLy2/DJueCkBuYSrGaHfEKg5cuQBIfMlPRxEGnh0LQNJJ0EEohh86qN4PVDcPjhrxLHv6k6zizvnpC3TSOJn4Dh7f2yikTV+o8jlWtOeGXq2d/l/EE6I8o3SPWKO6xqeRcEwER+3is3PlbQt885im2ACQ1La+9EdeJ+6GoONE0BVzmsRgeSLEHN4nAdCtNIK22I+bZNShsDJgy4moNYUxhsUx/8+Eeve0YlbwUg5maW/W3ViR7jCSKuA+G44KqC5OZNK5OVVRPmXHXayh2s7ZRT4O8d6SHU5QBw7szPJuX07/dEQOGMzuOmHcfnDecgaVdCcjRvKaa9PVlvegKeHOQQ3nGQuCbgesdBQDAHgrtgASDeHEd0OXD4oe8imN0Lrmt5DHZtG7TEZzp7gNgCDPoblxWkNm9eFqtac+YLvzljR5HE1IUAQAJiS0cJAV0KAMffMzerfOiQT3JKi4fojgmFKwgbG7AwMclzDJUcGdxV0oEam5KwNRNSIEMCmtEkA1AUEJcgKQxMARxmI27FUbNgEwbn34H+Qy+GZYThWJYHgPTs/xpAnhwhK4BtI1lX92a8qvLCl353xg6jiAFQPSLKMEZCYIcllOhSADj32c+nZPfpN4Osd37PE0dC1Izgi9hZEGoTdB6ArmlwLYFYVQIsS4BkP7PBAQ9w8BADowlNgp3nOpiWBeJOHM1VzWAbe2HUqNcg637YRhKObXlHu7T0SF0UCBuwk+F6Ox69I7bsq/u2o/D5rsldAICUQVSxvMPqD3QZANDsLxs65ONQcdE+Ps8bN/1qSVfFqsgj2MT+CtaioeFpA4VHB6GUcSSWmJADHOtuaYK/v4o+1+dC0hlc0tw5Lmw6z9smhOTANhw0LqtDj5zzsd+IO+DCgmObdMaDk0gCjoRoeBmaxesNWfzAsXNOO3fBTi7j5CI+PiME7mTXH355lwHApH9/PDarf7/Xfbom+SXSyadfzRIqNiU+w2L7bKyf3oyaWTEUjg7B119FapmDgqMDWH97i6cPGHRnIZQcBcxm6f2cdPo0Dg3FBZKxJBpW1aEs65cYNPQaqD5KFC6800SkYSm+WPUzsIqVS5aWpobjoJ0O/iRrIN2pNfmHfjjHv9WzywDg3OcXXZfVp88tqmt5jhvkt0+8c4QPq6IPYZV7KyILXFTd24y8o/zeKUDO5ig8LoiWtw3kHOBHdp8gdOHb6itAugDPP0CSIJiAISXR3NiMxvV14NH+KC44FqGs/ogn1mJT4yxovcPQg4GHPx9XPeUHcIgEwDkdXYOoywDgnJcWP5zVo+cvPACoigcAMsy40LA+Nhsr7ethSwxW0vFmt9lswww7CFSo0DUfVKFBEzp0rntMT5uHvzYWWsJCwo4h6SaRiqeQaI7BaEiCK9xTHYfyc5FdmgPhiMZUOPXTD8et2hknT6o8cmnGNYxMBx3WugwAJr+y7Fl/cdFpqnAQ0FRPT++5YzEJhumgsvlRbFAfgiFFIRiHnXKRqDbh76NCEhICchAq08BtGRT7S3oBl9HyTqpdkgUMJM0EHNcBVyTIkgwZCjRVg6ZrUGWyGnIILtBcH35/c+OXY5ecAbOVnCQFEHkIvd/K69vtsi4DgHNfWjxbLyg4XYWLoN8HjUuenp4sdeT4aVoS6sLvY6P7NGo3fA5R3IJEfRySxhFfbaFuVhylx+eiaFyWJwPQUZHsBqTiJcWQLWxwriKo5sCn+KHIChRFgaxsAYzkhQHbjoWWVHMTBkeGvFGypjXlZU8H0BvA39qNqzsxUJcBwDkvLHhALyq+WDKTyMrK8jJ8UGg2BXWQ2ZbWVcdVYJJ/fnUl4voyNDUuQuOSdRC+BKqfaoBewtD7ikKoehYUJxuSlQ0GP1wJMNAAW10BLdgAXdMhMTV9/CeloHdqcGBTjkElidoVDfULfr/+j0aN9V+KWP8efhybKUJJnkC7Jbt4lwHAT2d9eqG/pORB10giKxiE3+/3rHUUlEERwlsiAj3nD4nDcTgcm9LEWd4sF6QAcFwwIXl2e4nxdMAooyggBsdx4VhxxM1P0Sg9CUOuAnMV78hIJmCa+SZSaFoXQfXzDfNq3glfixjI2fMJAN/WAvrIWw1AKYC7O1Lz920wdhkAkPXP17v3fK6rWbT/h0IhaApZ+dIg8H5mVoQtujsy4dL2sMV0m9HnZGj0tcM4CY2WbcMiwBhAOLIRlfafENe+AggEZF52TO+azXPCKL0gmDCarIsXTqihpZ2yhFZnBiWTI2UTOR4AhYaRF/BuTRbVZQBABJ707Gf/9BWXTBapBAJ+P/x+HxTy8M1k9qJTAa0K6RQ/dMT7ej7QsZ8SR27hhvcz8x/XsmDbtpdRxOYyIi1J1DcswhrlSjh6SzroVBawwy6a3kqgYLwfG//RUln7QvxEmN4WQJY+YjyFhdcAmAmgO03cTsgqrbr09H+8OTxQ3vM/XFNDMlwE/Dp0VQP3cv6k4wBoJSAApH/PaHxpFfBsQRlDEBmFtjh0kJGQcryQ2dck7Z8DU9MRbTKx3rgTDdmPQWK6p1J2UwJV01uQrLTgH6R+WPti9BokMSAj5NUDeBlAZatepoMu6lIrANHsrKc+uTlYUXG9k4x5R0HaBlRF9eIDBVkCKcWb57RJi7/wcgTRCkEu4p7zhvdJfwPIni2fACRRXClzYRspJGNxGI6KpuibWOe/Ck4LQ2KlhdgyE/5+CtQecnLTP1quCn9k0KHzuaoAAAfSSURBVCwn4Y5cwDvU27e1+OlyAJj4l5nZ2pDBL/pKikc7sSg4XFCud7LweckhGMX20YktbbqlRpo+T+hzZc/CZ5kNMJxqWKwGQonDjthwa1VoogA5vfYFCwZhGQI1617G4oVTPTuAWqIguK8KpcALKzNYEKM/O7h6fmsZsbuu63IAIEKeMn1O7+z+A2ZqxaUHu2YK9CGFjqe3z7hs0ZJPcQBc0sHAYRr1iLNPEFU+QFwshs0aAL8JJ+Kg5sUoEitTKC49DD866WHIuflIttRhdexqpAq/gOL36gp4lkByQqDtxYiaRy8cX/vO7mJsa+/bJQFAL3/qX58r8vepuFLJzj2b+/SekqLAtV0II40AcvZw0IhoZAmi9nwk8j5A/RcrEP40iaKTcxAYqCP8oYH4chPZB/mg9eIwah2EEqMhxYtRu+4jNIe/QvmEQsghDmELb4Hhfom0jPOjNcljVp/T1OHRvq1l/JbruiwAtrzgadOfLfWV9ziM68FDEmz1aEurGumyKJpWL8fGTz5BzpktaHgvjFD/IBpeNVA/J4bcI/3IO9IH1xTIPy4ArjFvdtMspxhDs8WA2STgxhSE+vjgqQzIiUQFUi3mSmY5pyw+q3HZzjJjd1zf5QGwLVEHvoRhwZyCjyQF/qUXNCCxBCg9P4joYhNZB+iQszjqn4shNEJHaKiKghMDnmTvuQA66Z/eccFJnxjSvmPEfMCxXKQaDbSsSDxZ++cUVQrZI9peBQDiyIFzy85kAeneutmxwvoX4uh9TS7CHycR3F9D7mg/UhssNL2VRNHpgfRW4YkOGeZvo7Lx/AQg4KRcpJosJDamIOcypBqtv9bcZPx+j+D+/+RE3VOeuo3POfzNsnv1UuUyq84BUxnsuINUrY1gfw2NbyTAdYbQ8LTrmKcy2mIe9oI8hLffm1EbVsT2mM+YgCsb0IK5tanG+PhN0xKk5dsj2l63AhBX9p1T1E8NyY8Kl7RzDFyVkKgyoBUpaHg5jvxxAUg+BtdIM9u1XG+mWxHLkwuI+STwuXSy0GzA5SgtOAUF7thrXp1ywe2dpRZAaxC4VwLAI8zZyKrYN/SOHJRGkKmICEHKoci7BtQKDq2MwxHk1y/BDFtQ/DLMuAktT4aRSEEJMbhhP3KDh6Ci/Dzk+kZ8VJYYOP62M1i4NYTvLNfsvQAA0ONG//FKjvKC4yYVkulSK10Yax1YNQJ6fxm+QySoPg4raYLrEkRKhirnQ3UqkOM/EHk5RyG//FCwVOorq7b6jCfPO2JVZ2Fsa59jrwYAEenH9138i0Bpxd3VC97zx1bVITASsIxoOvAjRXYDHzSpHH65D0KBwQiGBiCU1wdyqAg6YuCxjXOaanHZ0xeMolx/e1zb6wFAHDtvZs1Rnz198537Tf7FQKb7fLFIDMI1ocoU9y9DUYNQ/EHIfp8X6mXE49H86PKNv9TuGRxs/uLxHhOrKNnj97YFj/crmrN2TcO0aR3n87+jZ/IE3NZctBdcU8AVZcLPZi9axKXIcYOVFdeklNzAerdflSkHLC/BuOs2uqa5UdjuF5HaxMt/SB7V0qtP4Xyu6DnVdfFR+56z9tPt0emzGSOUopLE6YU58q1NEWt6+YTl93UmenYDIM2NwoxnzrJrz/L3vfXS3mc3RrD6tTWDj/1X05SED0n3+WlPRjMZvrfyb92zQx7oXa5fvKE2cVfFySuu3JaxVS8MKtNV6XjO5Mm6Lo32aRIiMXvF0kXNw0f+prrDQr92BLZuAKQpNAlAWcAH+dU7+107Yp+8UE2jdU6/07769/cRcMlTAw4tydPedxzREK4xhoWtRLy8LO8QVcVZEsNJfh8vbY468ZRhv6Yq/Di/xvVY0rykx0nLH9oRYzrq+24AAPkAKJDjz4n39j1VUfyzaprceasbGo4+8rzKrTUAtscQMQ1S9fDBr+QE1eNaoubrnPMiTWXDyb+gMWxXJVLOU7GE+diizyvXHHf8oA9ys9RDKINMMmVeVDphxaMdxeTvu083ANJuWq5YMvTthg3yBz6f7+CaptSp/U/96vnWMGjFk31HBUO+t/wa15oiVk3KdOfGYvbLjQ3xD8ZfW0NeQF5bOXPAMZos3ej38bJkyn224tTlV7Vm/F19TTcAgF8C+CD81v7DdN3/VGPYeX/2muZjrrhidaurfC9/st9xiqrkNjcm3zvowvVbawd9m3kzJ4L3P75/3oHnr27Y3c6gW56tGwDA5EG95A1fPj78dhfyQVW1yRP3OeOrV3b1zOss43cDABh40WmF0/8+dcD46hrj3dpNn4876MKdjuztLPzc6efY6wEgPhzS667Zqc/26x8MHjhAG5t37Gcf7jQV9+AOez0Aaubud09uTvDy39+z4dW7n67+KYA9ypjTVuztNQDYMLOHD1rgdDiih6JynrTtt1zT2VyQl7XQsHn9kpXhI4+8YjUFbXRotu62MrCt/fcaAKx4euCw0gLtK0Wm7B9ALGnX2o77VXZAHbuxITl54BmrnmwrMffE/nsNAOpmDg2yEJ7PCalHx5NOOjJIEmiOOhsqN8aGHX5J1W6r3rk7gbPXAICIvOmlgQUSk2/QVD5ZVXg2JXMOx6wG1xH79z592Xee33cng3b1vfcqAGwh5qqn+x+o++TfAPhRIulOH3jmyvu3Uz9qV9O+U4z//9/HiGIiyotVAAAAAElFTkSuQmCC','№1','2017-03-14 13:08:32');
/*!40000 ALTER TABLE `diary_entry` ENABLE KEYS */;
UNLOCK TABLES;

--
-- Table structure for table `entry_priority`
--

DROP TABLE IF EXISTS `entry_priority`;
/*!40101 SET @saved_cs_client     = @@character_set_client */;
/*!40101 SET character_set_client = utf8 */;
CREATE TABLE `entry_priority` (
  `id` int(11) NOT NULL AUTO_INCREMENT,
  `name` varchar(50) NOT NULL,
  `priority` int(11) NOT NULL,
  PRIMARY KEY (`id`),
  UNIQUE KEY `entry_priority_priority_uindex` (`priority`)
) ENGINE=InnoDB AUTO_INCREMENT=4 DEFAULT CHARSET=utf8;
/*!40101 SET character_set_client = @saved_cs_client */;

--
-- Dumping data for table `entry_priority`
--

LOCK TABLES `entry_priority` WRITE;
/*!40000 ALTER TABLE `entry_priority` DISABLE KEYS */;
INSERT INTO `entry_priority` VALUES (1,'Высокий',1),(2,'Средний',2),(3,'Низкий',3);
/*!40000 ALTER TABLE `entry_priority` ENABLE KEYS */;
UNLOCK TABLES;

--
-- Table structure for table `entry_privacy`
--

DROP TABLE IF EXISTS `entry_privacy`;
/*!40101 SET @saved_cs_client     = @@character_set_client */;
/*!40101 SET character_set_client = utf8 */;
CREATE TABLE `entry_privacy` (
  `id` int(11) NOT NULL AUTO_INCREMENT,
  `level` int(11) NOT NULL,
  `name` varchar(50) NOT NULL,
  PRIMARY KEY (`id`),
  UNIQUE KEY `entry_privacy_name_uindex` (`name`),
  UNIQUE KEY `entry_privacy_level_uindex` (`level`)
) ENGINE=InnoDB AUTO_INCREMENT=3 DEFAULT CHARSET=utf8;
/*!40101 SET character_set_client = @saved_cs_client */;

--
-- Dumping data for table `entry_privacy`
--

LOCK TABLES `entry_privacy` WRITE;
/*!40000 ALTER TABLE `entry_privacy` DISABLE KEYS */;
INSERT INTO `entry_privacy` VALUES (1,1,'private'),(2,2,'public');
/*!40000 ALTER TABLE `entry_privacy` ENABLE KEYS */;
UNLOCK TABLES;

--
-- Table structure for table `entry_type`
--

DROP TABLE IF EXISTS `entry_type`;
/*!40101 SET @saved_cs_client     = @@character_set_client */;
/*!40101 SET character_set_client = utf8 */;
CREATE TABLE `entry_type` (
  `id` int(11) NOT NULL AUTO_INCREMENT,
  `name` varchar(50) NOT NULL,
  `icon` text,
  PRIMARY KEY (`id`)
) ENGINE=InnoDB AUTO_INCREMENT=4 DEFAULT CHARSET=utf8;
/*!40101 SET character_set_client = @saved_cs_client */;

--
-- Dumping data for table `entry_type`
--

LOCK TABLES `entry_type` WRITE;
/*!40000 ALTER TABLE `entry_type` DISABLE KEYS */;
INSERT INTO `entry_type` VALUES (1,'Задача','data:image/svg+xml;base64,PD94bWwgdmVyc2lvbj0iMS4wIiA/PjwhRE9DVFlQRSBzdmcgIFBVQkxJQyAnLS8vVzNDLy9EVEQgU1ZHIDEuMS8vRU4nICAnaHR0cDovL3d3dy53My5vcmcvR3JhcGhpY3MvU1ZHLzEuMS9EVEQvc3ZnMTEuZHRkJz48c3ZnIGVuYWJsZS1iYWNrZ3JvdW5kPSJuZXcgMCAwIDUxMiA1MTIiIGhlaWdodD0iNTEycHgiIGlkPSJMYXllcl8xIiB2ZXJzaW9uPSIxLjEiIHZpZXdCb3g9IjAgMCA1MTIgNTEyIiB3aWR0aD0iNTEycHgiIHhtbDpzcGFjZT0icHJlc2VydmUiIHhtbG5zPSJodHRwOi8vd3d3LnczLm9yZy8yMDAwL3N2ZyIgeG1sbnM6eGxpbms9Imh0dHA6Ly93d3cudzMub3JnLzE5OTkveGxpbmsiPjxwb2x5Z29uIHBvaW50cz0iMzI1LjcxOSwxMjcuNjI1IDIyOS4wOTQsMjMxLjI1IDE4NC44MTIsMTgzLjc4MSAxNDQsMjI3LjU2MiAyMzAuNzgxLDMxOS45MDYgMzY3LjkzOCwxNzIuODc1ICIvPjxwYXRoIGQ9Ik00ODAsMEgzMkMxNC4zMTIsMCwwLDE0LjMxMiwwLDMydjQ0OGMwLDE3LjY4OCwxNC4zMTIsMzIsMzIsMzJoNDQ4YzE3LjY4OCwwLDMyLTE0LjMxMiwzMi0zMnYtOTZWMTI4VjMyICBDNTEyLDE0LjMxMiw0OTcuNjg4LDAsNDgwLDB6IE00NDgsMzUyaC05NnY5NkgxNjB2LTk2SDY0VjE2MFY2NGg5NmgxOTJoOTZWMzUyeiIvPjwvc3ZnPg=='),(2,'Событие','data:image/svg+xml;base64,PD94bWwgdmVyc2lvbj0iMS4wIiA/PjxzdmcgaGVpZ2h0PSIyNHB4IiB2ZXJzaW9uPSIxLjEiIHZpZXdCb3g9IjAgMCAyNCAyNCIgd2lkdGg9IjI0cHgiIHhtbG5zPSJodHRwOi8vd3d3LnczLm9yZy8yMDAwL3N2ZyIgeG1sbnM6c2tldGNoPSJodHRwOi8vd3d3LmJvaGVtaWFuY29kaW5nLmNvbS9za2V0Y2gvbnMiIHhtbG5zOnhsaW5rPSJodHRwOi8vd3d3LnczLm9yZy8xOTk5L3hsaW5rIj48dGl0bGUvPjxkZXNjLz48ZGVmcy8+PGcgZmlsbD0ibm9uZSIgZmlsbC1ydWxlPSJldmVub2RkIiBpZD0ibWl1IiBzdHJva2U9Im5vbmUiIHN0cm9rZS13aWR0aD0iMSI+PGcgaWQ9IkFydGJvYXJkLTEiIHRyYW5zZm9ybT0idHJhbnNsYXRlKC03OTIuMDAwMDAwLCAtMzM1LjAwMDAwMCkiPjxnIGlkPSJzbGljZSIgdHJhbnNmb3JtPSJ0cmFuc2xhdGUoMjE1LjAwMDAwMCwgMTE5LjAwMDAwMCkiLz48cGF0aCBkPSJNODA1LjkyMDM2NSwzMzkgTDgwNS45MjU1MzcsMzM4IEw4MDEuMDE4MzExLDMzOCBMODAxLjAxMzEzOSwzMzkgTDgwNS45MjAzNjUsMzM5IFogTTc5Ni45NzA1MzYsMzM5IEw3OTYuOTc1NzA4LDMzOCBMNzkzLjYyODc4MiwzMzggQzc5My4yODE1MTUsMzM4IDc5MywzMzguMjkwODQyIDc5MywzMzguNjQ4NTI3IEw3OTMsMzU2LjM1MTQ3MyBDNzkzLDM1Ni43MDk2NDUgNzkzLjI4MDk4MywzNTcgNzkzLjYyODQ4OCwzNTcgTDgxMy4zNzE1MTIsMzU3IEM4MTMuNzE4NjE2LDM1NyA4MTQsMzU2LjcwOTE1OCA4MTQsMzU2LjM1MTQ3MyBMODE0LDMzOC42NDg1MjcgQzgxNCwzMzguMjkwMzU1IDgxMy43MTc5MDQsMzM4IDgxMy4zNzEyMTgsMzM4IEw4MTAuMDA3MjAyLDMzOCBMODEwLjAwMjAzLDMzOSBMODEzLDMzOSBMODEzLDM0NCBMNzk0LDM0NCBMNzk0LDMzOSBMNzk2Ljk3MDUzNiwzMzkgWiBNNzk0LDM1MyBMNzk0LDM1NS42MjYxMTQgQzc5NCwzNTUuODMyNjA1IDc5NC4xOTIyMjcsMzU2IDc5NC40Mjk4MjcsMzU2IEw3OTcsMzU2IEw3OTcsMzUzIEw3OTQsMzUzIEw3OTQsMzUzIFogTTc5OCwzNTMgTDc5OCwzNTYgTDgwMSwzNTYgTDgwMSwzNTMgTDc5OCwzNTMgTDc5OCwzNTMgWiBNODAyLDM1MyBMODAyLDM1NiBMODA1LDM1NiBMODA1LDM1MyBMODAyLDM1MyBMODAyLDM1MyBaIE04MDYsMzUzIEw4MDYsMzU2IEw4MDksMzU2IEw4MDksMzUzIEw4MDYsMzUzIEw4MDYsMzUzIFogTTgxMCwzNTMgTDgxMCwzNTYgTDgxMi41NzAxNzMsMzU2IEM4MTIuODA3NTYsMzU2IDgxMywzNTUuODMyMjc5IDgxMywzNTUuNjI2MTE0IEw4MTMsMzUzIEw4MTAsMzUzIEw4MTAsMzUzIFogTTc5NCwzNDkgTDc5NCwzNTIgTDc5NywzNTIgTDc5NywzNDkgTDc5NCwzNDkgTDc5NCwzNDkgWiBNNzk4LDM0OSBMNzk4LDM1MiBMODAxLDM1MiBMODAxLDM0OSBMNzk4LDM0OSBMNzk4LDM0OSBaIE04MDYsMzQ5IEw4MDYsMzUyIEw4MDksMzUyIEw4MDksMzQ5IEw4MDYsMzQ5IEw4MDYsMzQ5IFogTTgxMCwzNDkgTDgxMCwzNTIgTDgxMywzNTIgTDgxMywzNDkgTDgxMCwzNDkgTDgxMCwzNDkgWiBNNzk0LDM0NSBMNzk0LDM0OCBMNzk3LDM0OCBMNzk3LDM0NSBMNzk0LDM0NSBMNzk0LDM0NSBaIE03OTgsMzQ1IEw3OTgsMzQ4IEw4MDEsMzQ4IEw4MDEsMzQ1IEw3OTgsMzQ1IEw3OTgsMzQ1IFogTTgwMiwzNDUgTDgwMiwzNDggTDgwNSwzNDggTDgwNSwzNDUgTDgwMiwzNDUgTDgwMiwzNDUgWiBNODA2LDM0NSBMODA2LDM0OCBMODA5LDM0OCBMODA5LDM0NSBMODA2LDM0NSBMODA2LDM0NSBaIE04MTAsMzQ1IEw4MTAsMzQ4IEw4MTMsMzQ4IEw4MTMsMzQ1IEw4MTAsMzQ1IEw4MTAsMzQ1IFogTTc5OC43NTA0MTYsMzM2IEM3OTguMzM1OTczLDMzNiA3OTgsMzM2LjMzNDE1OCA3OTgsMzM2Ljc1MjM2OSBMNzk4LDMzOS4yNDc2MzEgQzc5OCwzMzkuNjYzMTUzIDc5OC4zMzQ3NTUsMzQwIDc5OC43NTA0MTYsMzQwIEw3OTkuMjQ5NTg0LDM0MCBDNzk5LjY2NDAyNywzNDAgODAwLDMzOS42NjU4NDIgODAwLDMzOS4yNDc2MzEgTDgwMCwzMzYuNzUyMzY5IEM4MDAsMzM2LjMzNjg0NyA3OTkuNjY1MjQ1LDMzNiA3OTkuMjQ5NTg0LDMzNiBMNzk4Ljc1MDQxNiwzMzYgTDc5OC43NTA0MTYsMzM2IFogTTgwOCwzMzYgQzgwNy40NDc3MTUsMzM2IDgwNywzMzYuNDQ3MjA4IDgwNywzMzYuOTk5MDUxIEw4MDcsMzM5LjAwMDk0OSBDODA3LDMzOS41NTI3MSA4MDcuNDQ4ODM5LDM0MCA4MDgsMzQwIEM4MDguNTUyMjg1LDM0MCA4MDksMzM5LjU1Mjc5MiA4MDksMzM5LjAwMDk0OSBMODA5LDMzNi45OTkwNTEgQzgwOSwzMzYuNDQ3MjkgODA4LjU1MTE2MSwzMzYgODA4LDMzNiBMODA4LDMzNiBaIiBmaWxsPSIjMDAwMDAwIiBpZD0iY29tbW9uLWNhbGVuZGFyLW1vbnRoLW91dGxpbmUtc3Ryb2tlIi8+PC9nPjwvZz48L3N2Zz4='),(3,'Заметка','data:image/svg+xml;base64,PD94bWwgdmVyc2lvbj0iMS4wIiA/PjxzdmcgaGVpZ2h0PSI1MDAiIGlkPSJzdmcyIiB2ZXJzaW9uPSIxLjEiIHdpZHRoPSI1MDAiIHhtbG5zPSJodHRwOi8vd3d3LnczLm9yZy8yMDAwL3N2ZyIgeG1sbnM6Y2M9Imh0dHA6Ly9jcmVhdGl2ZWNvbW1vbnMub3JnL25zIyIgeG1sbnM6ZGM9Imh0dHA6Ly9wdXJsLm9yZy9kYy9lbGVtZW50cy8xLjEvIiB4bWxuczppbmtzY2FwZT0iaHR0cDovL3d3dy5pbmtzY2FwZS5vcmcvbmFtZXNwYWNlcy9pbmtzY2FwZSIgeG1sbnM6cmRmPSJodHRwOi8vd3d3LnczLm9yZy8xOTk5LzAyLzIyLXJkZi1zeW50YXgtbnMjIiB4bWxuczpzb2RpcG9kaT0iaHR0cDovL3NvZGlwb2RpLnNvdXJjZWZvcmdlLm5ldC9EVEQvc29kaXBvZGktMC5kdGQiIHhtbG5zOnN2Zz0iaHR0cDovL3d3dy53My5vcmcvMjAwMC9zdmciPjxkZWZzIGlkPSJkZWZzNCIvPjxnIGlkPSJsYXllcjEiIHRyYW5zZm9ybT0idHJhbnNsYXRlKDAsLTU1Mi4zNjIxOCkiPjxyZWN0IGhlaWdodD0iNTAwIiBpZD0icmVjdDM3NTgiIHN0eWxlPSJmaWxsOiMxNTkxM2I7ZmlsbC1vcGFjaXR5OjE7c3Ryb2tlOm5vbmUiIHdpZHRoPSI1MDAiIHg9IjAiIHk9IjU1Mi4zNjIxOCIvPjxwYXRoIGQ9Ik0gMCwxMDUyLjM2MjIgeiIgaWQ9InBhdGgzNzk1IiBzdHlsZT0ib3BhY2l0eTowLjI1O2ZpbGw6IzAwMDAwMDtmaWxsLW9wYWNpdHk6MTtzdHJva2U6bm9uZSIvPjxnIGlkPSJnMzc2NCI+PGcgaWQ9ImczNzYxIj48cGF0aCBkPSJtIDMzMy4yODEyNSw3NjkuMzkzNDMgYyAxNi4xMTg1NiwwIDIxLjc4MTI1LDE4LjI4Mzk3IDIxLjc4MTI1LDI3Ljc1IC00Ljc1NDQ1LDAgLTE4Ljg2MDIyLC01LjI4MTI1IC0yNy41LC01LjI4MTI1IC01LjUyMjM5LDAgLTExLjE4NTQ0LDEuNDA2MjUgLTE0LjI1LDEuNDA2MjUgMCwtMTEuMjQwNDkgOC43MDQ0MSwtMjMuODc1IDE5Ljk2ODc1LC0yMy44NzUgeiIgaWQ9InJlY3QzNzY0IiBzdHlsZT0ib3BhY2l0eTowLjI1O2ZpbGw6IzAwMDAwMDtmaWxsLW9wYWNpdHk6MTtzdHJva2U6bm9uZSIvPjxwYXRoIGQ9Im0gMzkzLjA5Mzc1LDY2MS4xNzQ2OCAtMC4wMzEyLDAuMDMxMiBDIDMyNi45MTMzOCw3MTAuODYwMzIgMTcyLjcwMjcsODI0LjA3MDI4IDEyMC40Mzc1LDg1Ny43MzcyMyBsIDE5NC41OTM3NSwxOTQuNjI0OTcgMTg0Ljk2ODc1LDAgMCwtMjg0LjI4MTI3IHoiIGlkPSJwYXRoMjk5MSIgc3R5bGU9Im9wYWNpdHk6MC4zO2ZpbGw6IzAwMDAwMDtzdHJva2U6bm9uZSIvPjxwYXRoIGQ9Im0gMTY2LjM0Mzc1LDYyMi42NzQ2OCBjIDAsMCAtMjIuMzQzOTIsMzIuNTE0NjggLTI2LjYxNzYxLDM2LjM2NjY5IC02Ljk0ODAzLDYuMjYyNDggLTIyLjU3MDY4LDE3LjQ4MyAtMzkuNjk0ODksMzAuMzIwODYgbCA5LjQwNjI1LDkuNDA2MjUgMC4wNjI1LDAgYyAyMC4yNzI5Nyw1LjU0ODU5IDQ3LjI1NjI5LDIuMjUxNSA3MC41MzEyMiwyLjQ2MTQ0IC0zLjcxNzc4LC0xNS4zMTcxNiA4LjI5Mjc1LC01NS4xNjY2NyAtNC4yMTg3MiwtNjkuMDg2MzkgbCAtOS40Njg3NSwtOS40Njg3NSB6IiBpZD0icGF0aDI5OTIiIHN0eWxlPSJvcGFjaXR5OjAuMztmaWxsOiMwMDAwMDA7c3Ryb2tlOm5vbmUiLz48L2c+PC9nPjxwYXRoIGQ9Ik0gMjIzLjAzMTI1IDYwIEMgMjIxLjk2NDQyIDYwLjAxMjEgMjIwLjkwMDc0IDYwLjA0MjcgMjE5LjgxMjUgNjAuMDYyNSBDIDIxNC41ODg5NCA2MC4xNTg3OCAyMDkuMDM3MzQgNjAuNDM4MzUgMjAyLjY4NzUgNjAuODEyNSBDIDE5My4wODcyMyA2MS4zNzgyIDE3NC45MDYyNSA3Mi41MjY3MiAxNzQuOTA2MjUgODQuNDY4NzUgTCAxNzQuOTA2MjUgMTMxLjQ2ODc1IEMgMTc0LjkwNjI1IDEzNi43MDc2OSAxNjcuMjM4OTEgMTQ0LjYyNSAxNjIgMTQ0LjYyNSBDIDE0Ni4zMjE4IDE0NC42MjUgMTI4LjY2OTY5IDE0NC43MTg3NSAxMTcuMzEyNSAxNDQuNzE4NzUgQyAxMDguNzkxMDMgMTQ0LjcxODc1IDk4LjEwMjkxIDE1MS44OTgxMSA5NC4xMjUgMTU5LjM0Mzc1IEMgOTEuMzk0NTQ5IDE2NC40NTQ0NSA5MS4wNDAxMSAxNzUuNjY2MDMgOTEuMDkzNzUgMTgzLjMxMjUgQyA5NS43MzA5MTcgMjIyLjA2Mjg1IDEwMy4yODYyMSAyNjAuNzQxODUgMTE1LjQzNzUgMjk3LjU2MjUgQyAxMTcuNzg4NTggMzA0LjY4NjY4IDEyNC4wNTYzMSAzMDguODQwODggMTMwLjEyNSAzMTIuMDYyNSBDIDE0NC42NjY5MiAzMTkuNzgyMiAyMTkuNjY4NzQgMzMyLjgzMTU1IDIyNy4xMjUgMzMyLjQ2ODc1IEMgMjM4LjgyMzYxIDMzMy4wOTc0NCAyNDUuNjE3NDkgMzE1LjYzMjQ5IDI0OS40MDYyNSAyOTUuMDkzNzUgQyAyNTAuNjIwNCAyODguNTExODYgMjQ5LjkzNTUgMjY4Ljg1MjU4IDI1MC44MTI1IDI2Ny4wOTM3NSBDIDI1MS4yMjA2NCAyNjYuMjc1MjMgMjUzLjA3NzI0IDI2Ni4yOTk3OSAyNTMuNTMxMjUgMjY3LjA5Mzc1IEMgMjU0LjQ4MjAxIDI2OC43NTY0NyAyNTMuOTc2MDggMjgyLjQ0MzExIDI1NS4xMjUgMjg5LjQzNzUgQyAyNTYuMjg5MDYgMjk2LjUyNCAyNjIuMzE4NDkgMzA5LjY1MDg4IDI3Ny42MjUgMzEzLjU5Mzc1IEMgMjk0LjY0MzE1IDMxNy45Nzc0NyAzMDkuODY5OTMgMzE4LjEyNDg4IDMyNi4wNjI1IDMyMS4zNDM3NSBDIDM0NS43ODIxMiAzMjUuMjYzNzYgMzQ4LjEyNSAzNTQuNDM1NzUgMzQ4LjEyNSAzNTkuNTYyNSBMIDM0OC4xMjUgMzg0LjA5Mzc1IEMgMzQ4LjEyNSAzODkuNTgxNDMgMzQwLjYyMDQ4IDQwMS4zNzUgMzI5LjMxMjUgNDAxLjM3NSBDIDMxNy41NDIwOCA0MDEuMzc1IDMwNy44NDE0IDQwMS41MzEyNSAyOTQuNzUgNDAxLjUzMTI1IEMgMjg3LjkwNzg1IDQwMS41MzEyNSAyODEuMjUgMzk1LjUwMzQ1IDI4MS4yNSAzODguODQzNzUgTCAyODEuMjUgMzc5Ljk2ODc1IEMgMjgxLjI1IDM3NS41MTIxNCAyODkuMzQ4OTMgMzY5LjcxODc1IDI5NS4zNDM3NSAzNjkuNzE4NzUgQyAzMDEuMjY4NzUgMzY5LjcxODc1IDMwNi4wOTE5IDM2OS42NTYyNSAzMDguODQzNzUgMzY5LjY1NjI1IEwgMzA4Ljk2ODc1IDM2NC4zMTI1IEMgMzA4LjI5NzQ5IDM2MS44MDc0MyAzMDguMzEyNSAzNjAuODYxMiAzMDguMzEyNSAzNTcuNDY4NzUgQyAzMDguMzEyNSAzNTQuNDA0ODMgMzA4Ljg0MzM5IDM0OS40Mzc4NiAzMTAuODc1IDM0Ny40MDYyNSBDIDMxMC44NzUgMzQ1Ljk5MTc0IDMxMC45Mzc1IDM0NS43MDQxOSAzMTAuOTM3NSAzNDMuNzgxMjUgQyAzMDUuNjAxODYgMzQzLjc4MTI1IDI5Mi4xMTY1OSAzNDMuODc1IDI4MC44NDM3NSAzNDMuODc1IEMgMjc2LjE0NzQ0IDM0My44NzUgMjcwLjg2NTU5IDM0NS41NjUyMiAyNjYuODEyNSAzNDcuOTM3NSBDIDI2MC41MDI3MyAzNTEuNjMwNjIgMjU4LjExOTQgMzU0LjQ2MjU5IDI1My45Njg3NSAzNjEuNTMxMjUgQyAyNTEuNTMxNTUgMzY1LjY4MTg3IDI0OS4xMjUgMzc3LjE1NTQ4IDI0OS4xMjUgMzgxLjk2ODc1IEwgMjQ5LjEyNSAzOTkuMzEyNSBDIDI0OS4xMjUgNDA0LjI0MzYgMjUxLjQ4NDg0IDQxNC43ODU2MyAyNTQuMTg3NSA0MTkuOTM3NSBDIDI1Ni43MzAzNCA0MjQuNzg0NzQgMjYzLjE5MDI3IDQzMC45NDc5IDI2OC4xNTYyNSA0MzMuMjUgQyAyNzQuNjgyNCA0MzYuMjc1NCAyODIuMjI0ODcgNDM4LjYyOTY1IDI4Ni41IDQzOC44NDM3NSBDIDI5MS44ODQ0NSA0MzkuMTEzMzUgMzEwLjYwNTQ4IDQ0MC4wODUgMzIzIDQ0MCBDIDMzMi4xMDU0IDQzOS45MzcyIDM0MS43Mzc3NiA0MzkuODY3NzUgMzUwLjIxODc1IDQzOC41OTM3NSBDIDM2Mi4yNzUzMSA0MzUuNTkyODcgMzY4LjM5OTYgNDMxLjU2NjQxIDM3Ni4xMjUgNDIxLjkwNjI1IEMgMzc5LjIyMzExIDQxNy45NTkyNSAzODEuMzA0NjEgNDEzLjMwNjM1IDM4My40MDYyNSA0MDguNzUgQyAzODguMTc1MzQgMzk4LjQxMDY1IDM5MS44MzYyNiAzODYuNDkyMjMgMzk0LjY4NzUgMzc1LjQ2ODc1IEMgNDAyLjcwNTAyIDM0NC40NzEyMyA0MDkuNTUwODIgMjgzLjg4MjU5IDQwOC43NSAyNTEuODc1IEMgNDA4LjMwMjg5IDIzNC4wMDQyMiA0MDguNTQzMjQgMjE3LjI3MTYgNDA3LjM3NSAxOTkuNDA2MjUgQyA0MDUuNTcyNjggMTcxLjg0NDI3IDQwMi45MzIzMSAxMjUuNzE3MzYgMzk4LjkzNzUgMTE3IEMgMzk1LjcwNzY5IDEwOS45NTIwNCAzODguOTAwMDUgMTA0LjM2MDc4IDM4MS44MTI1IDEwMS4yMTg3NSBDIDM3My43MjQzMSA5Ny42MzMxNCAzNTYuODE4MDkgOTMuMjg5NzIgMzMwLjk2ODc1IDkwLjc4MTI1IEMgMzEzLjkxNDM0IDg5LjEyNjI2IDI5My4zNDM3MyA4OS43NSAyNzkuNDM3NSA4OS43NSBDIDI3OS40Mzc1IDgwLjE5OTM0IDI3MC42MDc5NCA2OS4yNDEzNSAyNjAuNTkzNzUgNjUuMjUgQyAyNTYuMDIzODIgNjMuNDI4NTggMjQ5Ljk0MjU1IDYxLjUwMTQ0IDI0NS4yMTg3NSA2MS4wNjI1IEMgMjM4LjUwNzY1IDYwLjQzODkgMjMyLjQ2ODA1IDYwLjA2MDkgMjI2LjE4NzUgNjAgQyAyMjUuMTQwNzUgNTkuOTg5OSAyMjQuMDk4MDggNTkuOTg3OSAyMjMuMDMxMjUgNjAgeiBNIDE2Ni4zNDM3NSA3MC4zMTI1IEwgMTAwLjAzMTI1IDEzNyBDIDEwMC4wMzEyNSAxMzcgMTA1LjY5MDE4IDEzMy4yMTg3NSAxMTEuODc1IDEzMy4yMTg3NSBDIDEyMS4zMzM1OSAxMzMuMjE4NzUgMTQ4LjA3MTI3IDEzMy4zMTI1IDE1Ni40Njg3NSAxMzMuMzEyNSBDIDE1OS4zNjYwMiAxMzIuMDk1ODEgMTYwLjU1MzI1IDEzMS4zNTQ5MyAxNjIgMTI4Ljk2ODc1IEwgMTYyIDgzLjg3NSBDIDE2MiA3OC4xMjE1MyAxNjYuMzQzNzUgNzAuMzEyNSAxNjYuMzQzNzUgNzAuMzEyNSB6IE0gMzMzLjI4MTI1IDIxNy4wMzEyNSBDIDM0OS4zOTk4MSAyMTcuMDMxMjUgMzU1LjA2MjUgMjM1LjMxNTIyIDM1NS4wNjI1IDI0NC43ODEyNSBDIDM1MC4zMDgwNSAyNDQuNzgxMjUgMzM2LjIwMjI4IDIzOS41IDMyNy41NjI1IDIzOS41IEMgMzIyLjA0MDExIDIzOS41IDMxNi4zNzcwNiAyNDAuOTA2MjUgMzEzLjMxMjUgMjQwLjkwNjI1IEMgMzEzLjMxMjUgMjI5LjY2NTc2IDMyMi4wMTY5MSAyMTcuMDMxMjUgMzMzLjI4MTI1IDIxNy4wMzEyNSB6ICIgaWQ9InJlY3QzNzYwIiBzdHlsZT0iZmlsbDojZmZmZmZmO2ZpbGwtb3BhY2l0eToxO3N0cm9rZTpub25lIiB0cmFuc2Zvcm09InRyYW5zbGF0ZSgwLDU1Mi4zNjIxOCkiLz48L2c+PC9zdmc+');
/*!40000 ALTER TABLE `entry_type` ENABLE KEYS */;
UNLOCK TABLES;

--
-- Table structure for table `roles`
--

DROP TABLE IF EXISTS `roles`;
/*!40101 SET @saved_cs_client     = @@character_set_client */;
/*!40101 SET character_set_client = utf8 */;
CREATE TABLE `roles` (
  `id` int(11) NOT NULL AUTO_INCREMENT,
  `name` varchar(50) NOT NULL,
  PRIMARY KEY (`id`)
) ENGINE=InnoDB AUTO_INCREMENT=4 DEFAULT CHARSET=utf8;
/*!40101 SET character_set_client = @saved_cs_client */;

--
-- Dumping data for table `roles`
--

LOCK TABLES `roles` WRITE;
/*!40000 ALTER TABLE `roles` DISABLE KEYS */;
INSERT INTO `roles` VALUES (1,'ROLE_ADMIN'),(2,'ROLE_USER'),(3,'ROLE_GUEST');
/*!40000 ALTER TABLE `roles` ENABLE KEYS */;
UNLOCK TABLES;

--
-- Table structure for table `users`
--

DROP TABLE IF EXISTS `users`;
/*!40101 SET @saved_cs_client     = @@character_set_client */;
/*!40101 SET character_set_client = utf8 */;
CREATE TABLE `users` (
  `id` int(11) NOT NULL AUTO_INCREMENT,
  `first_name` varchar(45) NOT NULL,
  `last_name` varchar(45) NOT NULL,
  `birthday` date NOT NULL,
  `email` varchar(45) NOT NULL,
  `password` varchar(50) NOT NULL,
  `telephone_number` varchar(20) NOT NULL,
  `role_id` int(11) NOT NULL,
  `blocked` tinyint(1) NOT NULL,
  PRIMARY KEY (`id`),
  KEY `user_roles_id_fk` (`role_id`),
  CONSTRAINT `user_roles_id_fk` FOREIGN KEY (`role_id`) REFERENCES `roles` (`id`)
) ENGINE=InnoDB AUTO_INCREMENT=21 DEFAULT CHARSET=utf8;
/*!40101 SET character_set_client = @saved_cs_client */;

--
-- Dumping data for table `users`
--

LOCK TABLES `users` WRITE;
/*!40000 ALTER TABLE `users` DISABLE KEYS */;
INSERT INTO `users` VALUES (6,'Lena','Petrova','2017-02-25','t@1.ru','1','23213',2,1),(8,'Mistery','Redy','2017-02-26','1@1.ru','2','3242',1,0),(9,'Vyacheslav','Politov','2017-02-26','root','root','98999334',1,0),(10,'User1','Users','1970-01-20','root@mail.ru','1','+78007000600',2,0),(11,'User2','sdsd','2017-02-01','root2@mail.ru','1','+78007000600',2,0),(12,'user3','Users','2016-03-02','user','user','+78007000600',2,0),(13,'user4','Users','2017-01-31','user4@m.ru','user','+78007000600',2,0),(17,'user','Users','2015-03-14','4@4.ru','user','+78007000600',2,0),(18,'sdsd','dsdsd','2000-05-04','user4@md.ru','user','+78007000600',2,0),(19,'Svytozar','Greate','2015-10-09','user@fdf.ru','1243','+78007000600',2,0),(20,'dffdf','dsds','2015-10-09','user@sdf.rfd','user','+78007000600',2,0);
/*!40000 ALTER TABLE `users` ENABLE KEYS */;
UNLOCK TABLES;

--
-- Dumping events for database 'personal_diary'
--

--
-- Dumping routines for database 'personal_diary'
--
/*!40103 SET TIME_ZONE=@OLD_TIME_ZONE */;

/*!40101 SET SQL_MODE=@OLD_SQL_MODE */;
/*!40014 SET FOREIGN_KEY_CHECKS=@OLD_FOREIGN_KEY_CHECKS */;
/*!40014 SET UNIQUE_CHECKS=@OLD_UNIQUE_CHECKS */;
/*!40101 SET CHARACTER_SET_CLIENT=@OLD_CHARACTER_SET_CLIENT */;
/*!40101 SET CHARACTER_SET_RESULTS=@OLD_CHARACTER_SET_RESULTS */;
/*!40101 SET COLLATION_CONNECTION=@OLD_COLLATION_CONNECTION */;
/*!40111 SET SQL_NOTES=@OLD_SQL_NOTES */;

-- Dump completed on 2017-03-15 20:01:04
